,FG%.1_AVG,PTS.1_AVG,+/-_players_AVG,DRtg_players_AVG,winning_rate,y
156,0.0348,-0.2000000000000028,1.5068472220000002,4.202958399999987,-0.085995086,1
1134,0.0112,0.3000000000000113,-4.645638889,8.737882000000013,-0.2,0
14,-0.0094,11.800000000000011,-6.843069444,11.94920829999998,-0.184090909,0
739,-0.0510999999999999,1.899999999999992,-6.443,-7.5362776999999985,-0.090643275,1
594,-0.0001,-7.399999999999991,4.557701389,-6.9560902000000056,-0.202511774,1
488,-0.0153,-1.5999999999999943,7.501541666,-2.906645800000021,0.116835017,0
687,0.0146999999999999,13.400000000000004,0.8023888889999999,6.148861100000032,0.027906977,0
32,-0.0549999999999999,-7.800000000000012,8.643541667000001,-5.05253470000001,0.0574712639999999,1
917,-0.0151,-10.900000000000004,-0.8226736109999999,-3.7897429999999863,0.0,0
970,-0.0085,0.7999999999999972,1.7639097220000002,-1.6024723000000023,-0.0441176469999999,1
568,-0.0396,-13.700000000000005,1.944729167,-9.4483264,-0.294418605,0
832,-0.0133,-9.299999999999995,1.157090278,-6.706152799999983,-0.0198412699999999,1
396,0.0398999999999999,7.400000000000006,0.6273402770000002,3.4103541000000206,0.004166667,1
824,0.006,4.900000000000006,-1.6455625,-1.5554513999999957,0.103448276,0
968,-0.0107999999999999,-7.199999999999988,8.303729167,-9.553687499999995,-0.158088235,0
514,-0.0177999999999999,-4.299999999999997,4.153145833,-7.471569499999987,-0.028301887,0
822,-0.0287,-0.7000000000000028,-2.638076389000001,-2.696562499999999,-0.1428571429999999,1
825,0.0151,1.7000000000000028,-2.577256945,0.6499861000000209,-0.3419354840000001,0
766,-0.0186,-0.5,2.0462222220000004,-1.8938888999999792,-0.237254902,1
193,-0.0388999999999999,-7.599999999999994,5.009395832999999,-7.703798599999986,-0.111907271,1
1132,-0.0221,-11.599999999999996,2.390458333,-9.325326399999994,0.4,1
662,-0.0007,0.7999999999999972,3.956909722,-4.856819500000015,-0.067239636,1
389,-0.0437,-10.899999999999991,5.562416666,-10.732458300000005,0.022739292,1
304,0.0015,13.299999999999995,-0.3195277769999985,5.037201400000002,0.0827292109999999,0
459,0.0071999999999999,-1.5999999999999943,-3.606819444,-0.7490277000000134,-0.073446328,0
558,-0.0701,-16.900000000000006,5.566451389,-12.2374444,-0.0094268469999999,1
776,0.0171,-4.300000000000011,-5.076243055,-4.352423600000009,-0.057142857,0
820,-0.0056999999999999,-4.0,-4.683333333999999,-3.9512014000000018,-0.266666667,0
43,-0.0569,-15.200000000000005,4.766298611,-11.571638900000028,0.2539215679999999,1
719,-0.0021999999999999,-0.7000000000000028,1.195895834,-0.390423599999977,0.0,0
972,0.0595,6.400000000000006,0.2842916669999999,4.862555599999993,0.1875,1
165,0.0199,3.5,-3.782340278,-2.285798600000021,-0.245286725,0
1008,0.0154,3.1999999999999886,-2.510756945,-1.9530764000000005,-0.5,1
849,0.0212,5.099999999999994,-9.013222222,3.986791700000012,-0.5277777779999999,0
255,-0.0113,-6.5,-2.748875,3.850055600000005,0.044162748,1
1075,-0.0158,-0.3999999999999915,4.884638889,-3.8239375,-0.1111111109999999,0
185,-0.0713999999999999,-4.599999999999994,9.683930556,-6.345319400000022,-0.0469924819999999,1
658,-0.0121999999999999,2.0999999999999943,-7.584798611,-0.8769098000000071,-0.0921985819999999,0
773,-0.0185,0.1000000000000085,-2.471548611,-2.969027799999992,-0.2706349209999999,0
433,-0.0116999999999999,-4.5,1.087076389,-0.1875278000000122,0.044126242,0
854,0.0330999999999999,-0.6999999999999886,-1.1754236109999998,-0.6027707999999876,0.06043956,0
860,0.0145,4.299999999999997,1.6373194449999997,-0.5516458000000171,-0.038461539,1
554,-0.0382,-9.100000000000009,-4.809291667,-1.7089514000000037,-0.181818182,1
272,0.0034,-0.7999999999999972,6.804666665999999,-4.7447500000000105,0.2463768119999999,1
229,-0.0148999999999999,1.7999999999999972,-2.2001875,2.6604027999999857,-0.151616499,0
394,-0.0302,-14.599999999999996,1.5167222219999998,-9.434069499999977,-0.117276167,1
918,0.0288999999999999,9.200000000000005,-4.5506875,5.867555500000008,-0.235294118,1
33,0.092,16.099999999999994,-4.270284722,17.460451399999997,-0.012981744,0
267,0.0078,4.799999999999997,2.573979167,0.7588889000000023,-0.175485345,0
726,0.0176,-7.099999999999994,6.397527778000001,-5.2230902000000015,-0.205128205,1
540,0.0162,6.200000000000002,0.2201388889999997,2.4128054999999904,0.0511111109999999,0
738,-0.0082999999999999,-15.0,-1.6782708330000005,-5.31661800000002,0.15625,1
181,-0.0116,3.1999999999999886,-4.2808263890000005,-5.862722199999992,-0.1256756759999998,1
348,-0.0224,-6.300000000000012,-1.578083333,-4.682951400000022,-0.1472999040000001,1
534,-0.0856,-25.5,8.6370625,-17.629555530000005,0.113636364,0
750,-0.0149,-8.5,3.981104166,-8.323736100000005,-0.083333333,1
237,-0.0224,-5.599999999999994,-7.316284722000001,2.49432640000002,0.0412912919999999,1
818,0.0398999999999999,-2.299999999999997,1.248277777,-1.1829514000000216,0.135775862,0
907,0.0179,-4.799999999999997,4.1629722220000005,5.412965299999996,-0.016563147,1
627,0.0242999999999999,7.299999999999998,-0.7656874999999999,5.473840300000019,0.163274745,0
1100,0.0242999999999999,-0.7999999999999972,-1.1428055550000005,1.7800347000000016,0.333333334,0
230,-0.0152999999999999,-12.199999999999989,3.72825,-2.458291699999989,0.1547254539999999,1
538,-0.0090999999999999,-2.9000000000000057,11.6774375,-8.618076399999993,0.237692308,1
90,0.0045,-3.899999999999992,-4.963173611,4.427048699999971,-0.285737545,1
1045,0.0073,7.299999999999998,-1.171479166,8.108382000000006,-0.2999999999999999,1
597,0.0161999999999999,2.0,5.248340278000001,3.4741458999999684,-0.102355072,1
11,0.0175,3.9000000000000057,-5.945548611,5.145180599999974,0.016993464,1
564,-0.0488,-7.599999999999994,3.051743055,-6.667743000000017,0.1153846149999999,1
1118,0.0007999999999999,5.400000000000006,-1.2445069450000004,-0.0598263999999773,-0.166666667,0
104,0.0312999999999999,5.099999999999994,0.5950694450000003,5.603236099999975,-0.102266208,1
575,-0.0031999999999999,4.599999999999994,1.345694444,2.190909700000006,-0.3988095229999999,0
365,-0.0115,1.0,-2.547055556,1.5510416999999848,-0.1050061049999999,1
1015,0.0245999999999999,3.300000000000012,-7.204458333,8.484486099999984,-0.3487179479999999,0
1135,-0.0635,-9.599999999999994,4.512902778,-10.424583300000007,-0.35,0
628,-0.0257999999999999,-5.599999999999994,0.830208333,-8.214124999999996,-0.1840579710000001,1
727,-0.0274999999999999,-7.599999999999994,3.066347222,-3.634736100000012,0.1486486489999999,1
810,-0.0161,-5.799999999999998,-0.843215278,-4.003451300000023,-0.082795699,0
46,0.0024,8.900000000000006,5.557944443999999,-3.3340763999999865,0.228180575,0
626,0.0124,9.399999999999991,0.2146875,3.7287500000000047,-0.1521739129999999,0
936,0.0131,-11.0,4.296784722,-5.523486099999985,0.1125,1
236,-0.0035,3.9000000000000057,-4.5031875,5.090118099999983,-0.1691176469999999,1
1141,0.0067999999999999,7.0,3.037819445,5.870263900000013,-0.15,0
35,0.002,8.900000000000006,-2.796868056,4.885194499999983,-0.013173189,1
369,-0.0025,0.7999999999999972,3.088097222,-0.8999374999999928,-0.132756132,1
97,-0.0326,-4.299999999999997,-0.1056874999999999,-4.925798599999979,-0.1275345289999999,0
149,0.0481999999999999,6.6000000000000085,-6.572138889,13.126777800000012,-0.196641387,0
1058,-0.0305,-9.700000000000005,0.9379583329999996,-7.974097200000018,0.181818182,1
701,0.0408,13.900000000000004,-5.022743054999999,7.0818749999999975,-0.3169354839999999,1
821,-0.0317999999999999,-8.200000000000003,2.03775,-5.9912360999999805,0.049425288,1
131,0.0047999999999999,4.700000000000003,-9.8845,6.201798600000004,-0.294852941,0
889,0.0303999999999999,-7.899999999999991,0.984145833,-6.169055599999979,-0.1105072459999999,1
70,-0.0176999999999999,-5.5,1.252618055,-3.2576945000000137,-0.1440789469999999,1
1106,0.0376,10.899999999999991,-3.735104167,6.9474236000000085,0.0333333329999999,1
413,0.0476999999999999,14.5,-10.826034722,9.526631900000012,0.082500925,0
813,0.0080999999999999,7.900000000000006,-2.881798612,4.999277799999987,0.207974138,0
7,-0.0075999999999999,-3.899999999999992,0.925048611,-8.065895799999991,-0.0487804879999999,0
872,0.0045,1.5,2.983194444,-4.2924375000000055,-0.086956521,0
360,-0.0381999999999999,1.2999999999999972,-0.865590278,1.7803055999999913,0.074397244,1
587,0.0156,1.9000000000000057,-1.679361111,1.7773540999999682,0.0386452459999999,0
853,0.0111,-2.300000000000012,8.277909722,-4.4062152000000046,0.308333333,0
649,-0.0381,-9.599999999999994,4.866819444000001,-7.081458299999994,0.087482219,1
1057,-0.0485999999999999,-13.100000000000009,10.857368056,-12.15165970000001,0.0277777769999999,1
663,0.0133999999999999,-9.399999999999991,-0.226090278,-6.891680600000014,0.0541353389999999,1
1085,0.001,4.800000000000012,0.3686736109999997,3.1369790999999765,0.0277777779999999,1
1110,-0.0057,-4.899999999999992,4.391909721999999,-10.512506900000004,0.5,1
562,-0.0295999999999999,-3.299999999999997,0.8507499999999999,-2.3696040999999752,0.1000400159999999,0
239,0.0535,2.5,-9.907791666,7.393333300000008,-0.322837866,0
1111,0.0523,5.799999999999998,-3.214111111,9.958645810000007,-0.233333333,1
28,-0.0223999999999999,-0.5,4.051548611,-5.881666600000031,0.08727613,1
154,0.0072999999999999,2.299999999999997,-3.1669930560000004,-1.4971249999999967,0.1163763069999999,0
4,0.0301,3.799999999999997,-3.604729167,5.7308263999999705,-0.0967914439999999,0
420,-0.0038999999999999,-6.599999999999994,0.1201875,-9.035833399999987,-0.1696078429999999,0
21,0.0374,4.799999999999997,-8.256819444,5.862965300000013,-0.20506156,0
656,-0.0312999999999999,-8.200000000000003,4.3691111110000005,-8.476194400000011,0.111111111,1
731,0.0255,0.6000000000000085,1.092340278,0.4833819000000119,0.1360718869999999,1
219,-0.0192999999999999,6.799999999999998,2.554166666,2.2588889000000023,-0.245521601,1
571,-0.0514999999999999,-2.6000000000000085,2.998618056,-10.331083300000016,0.282692308,1
625,-0.0258999999999999,-2.5999999999999943,6.369513888999999,-10.151944500000011,0.377039627,1
408,-0.0001999999999999,2.5,-0.938743055,4.266444399999982,0.0547619039999999,0
316,0.015,1.7999999999999972,-4.9879861110000006,2.4101944999999887,0.073529412,1
756,0.0026999999999999,3.1000000000000085,-3.552993056,6.3009375000000025,0.123873874,0
529,-0.0328999999999999,3.0999999999999943,-0.558229167,4.120361099999997,-0.211538462,0
680,0.0310999999999999,2.9000000000000057,-0.984291667,2.035861099999991,-0.320044297,1
166,-0.0429,-2.9000000000000057,1.397055556,-7.324715300000008,-0.049414,1
921,-0.0131999999999999,5.899999999999992,4.589909722,-1.3798471999999862,0.534210526,0
700,0.047,-3.6000000000000085,1.8571875,2.8110208000000085,-0.1190476189999999,1
344,-0.0382999999999999,-6.299999999999998,4.837736111,-6.778277699999991,0.119546028,0
673,-0.0253,-2.9000000000000057,-5.181659723,-0.5163402999999961,-0.202380952,1
259,-0.0283999999999999,-7.700000000000002,1.331534722,-5.674770799999976,-0.1676287229999999,1
659,-0.0086999999999999,-13.299999999999995,3.608868056,-13.040083299999992,-0.1511627909999999,0
592,-0.0315,-3.8000000000000114,1.297388889000001,-7.989972200000012,0.0731707319999999,1
452,-0.005,2.5,-2.037368056,-3.917034700000016,-0.276491228,0
887,0.0044,4.700000000000003,-2.4599374999999988,2.5667084000000098,-0.215102975,0
1035,0.002,6.0,-0.5523958340000004,1.2567707999999982,0.416666667,0
982,0.0115,-8.299999999999997,7.0718680560000005,-3.281840299999999,0.071428571,0
426,0.0531,4.099999999999993,-7.462368055,7.286951300000028,-0.131182796,0
976,-0.0231,-8.099999999999994,1.969576389,-6.08509029999999,0.080882353,1
151,0.0168,9.200000000000005,-5.8505625,8.337368099999992,0.064795565,1
182,0.0392,7.5,-2.6879305549999994,4.2568471999999815,0.23088803,0
119,-0.0055999999999999,-9.700000000000005,2.340916667,-7.120034700000005,0.08504958,0
715,-0.0035999999999999,0.2000000000000028,8.489166667000001,-5.422909699999976,0.279904306,1
1054,-0.0229999999999999,1.9000000000000057,1.828201389,-6.341368000000003,0.333333334,0
834,0.0357,3.0999999999999943,1.526243056,6.721402800000009,-0.066312998,0
503,-0.0310999999999999,-6.700000000000002,5.996888889,-5.6293957999999975,-0.1599378879999999,0
232,0.0024,2.5999999999999943,1.2746875000000002,-1.8254860999999776,0.1491228069999999,0
74,-0.0018,-2.4000000000000057,-0.0232847220000005,4.1231804999999895,-0.0586527289999999,0
204,0.0788,14.099999999999996,-4.585368055,7.734576300000029,-0.0996491219999999,0
36,0.0249999999999999,2.3999999999999915,-1.085902778,0.9241111000000046,-0.2644825019999999,0
946,0.0294999999999999,14.5,-4.312215276999999,5.731923600000003,-0.181286549,0
546,-0.0426,-10.5,1.410722222,-8.24927079999999,-0.206666667,1
465,0.0483,6.200000000000002,2.7579652780000004,9.922541699999982,0.02725564,1
178,-0.0302999999999999,-10.299999999999995,3.526236111,-8.86889579999999,0.3087506879999999,1
40,0.0332,-2.799999999999997,-1.941319444,-5.075298600000039,-0.176957831,1
559,0.044,11.700000000000005,-3.021729167,7.071236100000008,-0.0314285709999999,1
978,-0.0175,-13.0,1.090840278,-11.497229199999977,-0.1714285709999999,0
1083,0.0541999999999999,5.700000000000002,-7.911833333000001,7.886659800000004,-0.1714285709999999,0
479,-0.0227999999999999,-9.700000000000005,11.8816875,-11.861916600000017,0.2196679439999999,1
632,-0.0287,-17.39999999999999,5.335611111,-9.934763800000027,0.1692307689999999,1
480,-0.0046999999999999,-0.5999999999999943,1.906451389,4.998229199999983,-0.21656535,0
1042,0.0146999999999999,9.0,-8.988743056,8.519749999999988,-0.192307692,0
301,-0.0466,-11.900000000000004,-0.4028541660000001,-3.874381999999983,-0.038932147,0
278,0.0121,4.099999999999993,1.358118055,2.443937500000004,0.1641821939999999,0
1070,0.006,13.300000000000011,-8.224111111000001,2.8571458999999777,-0.4,0
379,-0.0228,0.7000000000000028,-2.3224930559999994,1.5532361000000066,-0.090725806,0
897,-0.0045,-4.399999999999992,-1.8249930560000005,-4.383611100000024,-0.3636363629999999,0
801,0.0055,9.099999999999994,-5.469493055,12.676826399999996,-0.219832736,1
764,0.0459999999999999,-2.3999999999999915,0.148729167,-2.2999306000000104,-0.0942084939999999,0
896,-0.0108,2.0999999999999943,-2.438694444,-2.097069399999995,0.1363636359999999,0
734,-0.0175,2.8999999999999915,3.730194445,0.0224791000000124,0.3665973669999999,1
22,0.0052,6.399999999999992,0.0425625000000002,6.426111199999981,0.069242487,0
310,-0.0248999999999999,-6.700000000000002,5.582840278,-8.515236099999981,0.163203463,0
979,0.0080999999999999,6.5,-10.903048612,5.535347200000004,-0.1764705879999999,1
547,0.021,-0.2999999999999972,-6.82475,4.725826399999974,-0.4179818269999999,1
1005,0.0037,-1.0999999999999943,0.914527778,4.790493000000012,0.076923077,0
720,-0.0044,-3.9000000000000057,6.27075,-0.5091318999999856,0.0519074419999999,0
266,0.0052999999999999,1.7999999999999972,2.269979166,4.883840300000003,-0.064285714,1
778,-0.0036999999999999,10.799999999999995,-3.893243056,0.8731111999999825,0.0,0
513,-0.0162999999999999,-5.0,-6.5487083340000005,-0.8635486000000014,-0.317543155,0
802,-0.0136999999999999,-7.599999999999994,-3.522166667,-3.714451400000016,-0.0862068969999999,0
1059,-0.012,2.4000000000000057,-0.236756944,-2.823465299999995,0.138888889,1
1039,0.0103999999999999,-3.799999999999997,0.966819444,3.863847200000009,-0.0681818179999999,1
69,-0.0016,-0.8999999999999915,0.6819166660000002,-0.1304653000000257,0.162697274,1
793,0.0131,-4.5,2.513805556,-1.6866874999999908,-0.249554367,1
334,0.0199,5.099999999999994,-3.036611111,8.823798699999971,-0.182900433,0
894,0.0439999999999999,7.400000000000006,-1.136673611,6.935062500000001,-0.0779220779999999,1
1089,-0.0229999999999999,-3.9000000000000057,5.4149375000000015,-8.373159700000002,0.291666667,1
1052,-0.0088,0.0,3.484736111,-2.6137083999999797,0.209090909,1
565,0.0237,7.600000000000008,-3.6265763889999993,7.480055539999995,0.0,1
260,-0.0737,-10.099999999999994,14.963618057,-19.17481950000001,-0.0441176469999999,1
235,-0.069,-5.799999999999998,8.53963194,-11.336263899999992,-0.213852813,1
757,0.0319999999999999,1.2999999999999972,-5.147555555,1.5254305999999789,0.0540935669999999,0
1098,0.0202,7.900000000000006,-5.496597222,1.6778611000000012,-0.125,0
422,0.0105,-1.9000000000000057,0.1336250000000001,-2.9093680000000006,-0.0642427549999999,1
1139,-0.0151999999999999,-5.300000000000012,6.069847222000001,-2.2114165999999784,0.6,1
127,-0.0278999999999999,-0.7000000000000028,6.526763888,-4.384076399999998,0.2179487179999999,1
71,-0.0041,7.5,-8.255770834,6.264499999999997,-0.0871212119999999,0
265,-0.0346,-9.599999999999994,5.734708333,-11.540548600000006,0.108518836,1
717,0.0272,1.4000000000000057,-5.603208333,-1.7259375000000006,-0.257894737,1
58,-0.0465,-15.399999999999991,6.26375,-11.643666699999995,-0.0013842749999999,0
1090,-0.0585,-2.5,1.077527778,-9.509090199999989,0.3333333340000001,1
582,0.0242,-4.599999999999994,5.354493056,-3.9118888999999935,0.0208083229999999,1
212,0.0053,1.7000000000000028,4.831048612,-1.6304721999999998,-0.19737343,0
748,0.0427,4.200000000000003,-1.6853541669999998,10.46836109999998,0.0730837789999999,0
619,-0.0238999999999999,6.299999999999998,1.887770833,3.459777800000012,0.1773049649999999,1
906,0.0054,-1.8000000000000114,4.9839305550000015,-2.4548611000000022,-0.084782609,0
706,-0.0035999999999999,-5.300000000000012,4.779888889,-5.307493100000016,0.1578947369999999,0
608,-0.0398,-1.7999999999999972,3.902131944,-3.4807153000000137,0.069746376,0
763,0.0128,2.0999999999999943,4.641284723000001,0.912715299999988,0.185661765,1
651,-0.0052,8.0,-4.315715278,4.105388899999966,-0.156505343,0
504,-0.0037999999999999,8.700000000000003,-4.035576389,9.03096530000002,0.092592593,1
835,-0.0652999999999999,-10.099999999999994,-2.4268819440000007,-9.184875000000003,-0.330049261,0
768,0.0283,1.7999999999999972,4.376861112,3.1658819000000165,0.1616161619999999,0
1004,-0.0505,-12.899999999999991,4.8831180550000015,-7.549277800000013,0.1748251739999999,1
724,0.0201,6.1000000000000085,-2.592506944,7.032750000000008,-0.0393939399999999,1
1093,-0.0055,0.3999999999999915,-0.621361111,0.515145899999979,0.2,0
598,0.006,6.200000000000002,0.581118056,5.171944399999988,0.0416666659999999,1
966,0.0476999999999999,18.5,-10.777055556,3.620340299999995,-0.486928104,0
466,0.0102999999999999,6.0,-1.6306736110000002,5.768013900000001,0.074933687,1
162,0.0357,15.299999999999995,-7.175000000000002,6.207722200000006,-0.40437361,0
326,-0.0291,-1.0999999999999943,6.754569444,-1.6138750000000073,0.101449275,0
486,-0.0088,5.900000000000006,-2.9047152780000003,-1.310124999999999,0.162937063,1
44,-0.0033,-7.799999999999998,1.052666667,-5.312430600000012,-0.063611491,1
509,-0.0263,-7.300000000000012,3.2931388890000006,-5.157819500000016,-0.183838384,1
393,0.0052,3.6000000000000085,0.344708333,0.5585625000000078,-0.224779319,0
1018,-0.062,-11.5,3.161652778,-13.492055499999992,0.321428571,1
414,-0.0032999999999999,1.2000000000000028,-0.959159722,1.0458402999999947,-0.2245161289999999,1
769,-0.0025,-4.200000000000003,0.5166666659999999,-7.5424721999999775,0.0107526879999999,0
477,0.0473,6.5,-7.7990625,3.7958611000000246,-0.4385714290000001,1
453,-0.0053,0.2999999999999972,-6.521437499999998,-0.3340834000000257,-0.071839081,1
502,-0.0020999999999999,1.2000000000000028,-4.3095,3.051895800000011,-0.1585858580000001,1
545,-0.0175,-0.6999999999999886,-3.159729167000002,0.0620486000000113,-0.201741654,1
1082,0.0121999999999999,1.4000000000000057,-10.289131944,2.9036320000000018,-0.111111112,1
669,0.0085999999999999,7.599999999999994,-0.929479167,4.70161809999999,0.0454545459999999,0
845,0.0394999999999999,-3.899999999999992,-0.452263889,-8.286548599999975,0.0529100519999999,0
749,-0.0159,-0.5,-0.3959166670000001,2.6071320000000067,-0.032432432,1
722,0.0249999999999999,-1.899999999999992,0.228784722,-3.943645799999985,-0.0999999999999999,0
1031,0.035,7.299999999999998,-6.0012500000000015,10.489791599999991,-0.233333333,1
931,-0.0035999999999999,-3.5999999999999943,4.8406875,-4.013187500000001,0.2263157889999999,1
589,-0.0503,-9.299999999999995,6.643333332999999,-12.9514097,-0.0093877549999999,1
798,0.0274,20.0,-5.347319445,11.199499999999986,-0.36,1
493,0.0645999999999999,9.799999999999995,-7.465222222,12.063812499999996,-0.278113208,1
279,-0.0175,-10.700000000000005,6.168902778,-5.397354199999995,-0.0175824169999999,0
207,-0.0835,-15.599999999999996,11.926666667,-16.404868100000016,0.173186344,1
959,-0.0282999999999999,-12.0,6.033673610999999,-10.357062499999998,0.1145510829999999,1
588,-0.0399999999999999,-4.099999999999993,-0.742881945,1.6597639000000155,-0.1549999999999999,0
1115,0.0031999999999999,8.899999999999991,-6.2506875,5.046972199999985,-0.5,0
378,-0.0086999999999999,0.8999999999999915,-0.509229165999999,-2.89692359999998,-0.196153846,0
666,0.0129,1.7999999999999972,3.2065625000000004,6.373305599999981,0.179292929,1
66,0.0111999999999999,2.5,-2.5670763880000003,4.409423599999997,0.00183346,1
373,-0.0026999999999999,3.0,-8.083076389,0.786611100000016,-0.198826979,0
997,-0.0636,-10.299999999999995,10.040055556,-10.592465200000008,0.3095238099999999,1
876,-0.0371,4.1000000000000085,3.227645834,2.4581945000000047,0.291666667,1
857,0.0238999999999999,-3.6000000000000085,2.544451389,-0.9956875000000024,0.132478633,1
981,-0.0037999999999999,1.7999999999999972,-9.986048611,-2.641104200000015,-0.1333333340000001,1
787,0.0359999999999999,5.5,1.421111111,5.78875690000001,0.0748663099999999,0
6,0.0038,1.0,5.674604167000001,-3.653527799999992,0.229885057,1
520,-0.0751999999999999,-23.3,7.465736111,-15.614597200000004,0.090909091,0
470,-0.0248999999999999,-6.799999999999998,0.0856111109999995,-4.1278125000000045,0.0281632649999999,0
543,-0.0011999999999999,1.3999999999999917,-4.9443125000000006,1.392784700000007,-0.076923077,0
551,-0.004,-7.5,2.353055556,-4.970784800000004,0.0384615379999999,0
708,-0.0524,-7.700000000000002,0.2643055559999998,-13.818111099999996,0.0089743589999999,0
617,0.0027999999999999,-3.300000000000012,-2.047048611,-5.817631900000008,-0.0436991869999999,0
191,-0.0116999999999999,-9.900000000000006,4.694673611,-11.504854199999984,0.1849415209999999,1
288,0.0596,9.400000000000006,-8.774263889,13.116388899999974,-0.035196687,1
840,-0.0102,8.699999999999989,-8.252875,6.9796665999999865,-0.43,0
732,0.0301,3.9000000000000057,-7.021458332999999,7.943493100000013,-0.3343629349999999,1
172,0.0483,15.900000000000004,-6.074395834,13.464013899999998,-0.050254094,0
827,0.0080999999999999,-1.899999999999992,-2.752986111,-2.757326300000031,0.0996168579999999,0
641,0.0282999999999999,-1.9000000000000057,-7.184770834,0.6882986000000102,-0.1846226869999999,1
495,0.0448,13.900000000000004,-7.0029375,10.028055599999988,-0.248608534,0
736,0.0465,2.5999999999999943,1.5534166659999995,5.123173599999988,0.06685633,1
613,-0.0279999999999999,-1.4000000000000057,-0.930006945,-6.295611199999968,-0.30212766,0
783,0.0175999999999999,1.7999999999999972,-2.729993055,2.987083299999981,-0.382352942,0
132,0.0276,10.400000000000006,-5.311493056000001,4.579374999999999,-0.286384977,0
888,-0.0176,-8.200000000000003,-4.061729167000002,-6.2613403000000005,-0.1200828159999999,0
957,-0.0338,-4.299999999999997,-1.1156805550000004,-2.361645900000028,0.144444444,1
939,0.0117,2.5999999999999943,-1.145659722,3.496861199999984,-0.105555556,1
518,0.0114,0.7000000000000028,-3.5638749999999995,4.6946528,-0.334175085,0
427,0.0017999999999999,-0.9000000000000057,-3.690979166,-1.4970485999999994,0.1153605019999999,1
215,-0.0151999999999999,-10.5,0.6904374999999998,-4.077715299999993,-0.33227345,0
541,-0.0297,4.299999999999997,-4.651368055,5.7472152999999935,-0.234924158,1
758,-0.0377,-13.400000000000004,4.345159722,-5.473722199999983,-0.126190476,0
1126,-0.0458999999999999,-0.7000000000000028,-3.757625,-6.615159800000002,0.166666667,1
775,0.0229999999999999,15.900000000000004,-6.755395834,13.2019236,-0.255026455,0
584,-0.0565,-5.6000000000000085,2.569520832,-9.2373542,-0.196048632,1
623,0.003,3.9000000000000057,-1.2281666670000009,-3.2945416999999964,-0.0381578949999999,0
705,-0.0198,-4.0,6.902104165999999,-2.609861199999969,0.24047619,0
24,0.0236999999999999,7.0,-6.440486111,6.097298699999968,0.0209595959999999,0
484,-0.0213999999999999,-2.200000000000003,3.0513055559999995,-1.6800069000000093,0.0543478259999999,1
521,0.0203999999999999,-1.9000000000000057,-0.636743055,-6.556152800000022,-0.280100334,0
867,0.0363,8.400000000000006,-2.311055555,6.134034700000014,0.157809984,1
777,0.0435999999999999,2.5999999999999943,-5.088368055,1.4457291000000223,-0.345905172,0
1003,0.0407,6.299999999999998,-1.938916667,6.140805599999979,-0.061538462,0
828,0.0281,16.39999999999999,-6.483902777000001,7.943340299999988,-0.18956044,0
971,0.003,-7.900000000000006,-0.514729166,0.4249306000000104,-0.1527777779999999,0
916,-0.0192999999999999,0.2999999999999972,0.0006527779999996,-0.4842222999999989,-0.087301587,0
528,-0.017,1.9000000000000057,3.0263611110000004,1.280499999999989,0.028562461,1
646,-0.034,-9.400000000000006,5.476409723000001,-9.962826300000016,0.1304347829999999,1
231,0.009,-0.7999999999999972,7.252194444,0.3440208000000098,0.1809762689999999,1
130,-0.076,-14.400000000000004,-0.864479166,-12.295034699999988,-0.014689795,0
101,0.0015,1.1000000000000083,-3.5313055560000004,3.1950833000000074,-0.0234538149999999,1
401,-0.0385,-7.900000000000006,0.6501041659999993,-10.469187500000004,-0.0385964909999999,1
89,0.0625,5.399999999999992,-10.952020833,9.710659700000008,-0.360718871,1
809,-0.0004,-2.5999999999999943,6.335319445,-5.550263899999976,0.161290323,0
746,0.0192999999999999,8.099999999999994,1.103583333,2.9812916999999857,0.123873874,0
73,-0.0044,-0.7999999999999972,-0.8470555559999999,-3.2966944000000065,0.073170732,1
880,-0.0269999999999999,-3.0,2.931708333,1.455513900000028,0.178030303,1
914,-0.0101999999999999,6.799999999999998,0.8414791670000001,5.991638899999997,0.1690476189999999,1
157,-0.0432,-1.2999999999999972,6.065041667000001,1.854972199999992,0.11055611,0
642,0.0105,6.400000000000006,-1.5688541669999998,1.5722985999999963,0.369617225,1
431,-0.015,-4.0,-3.0692083340000003,-6.092500000000001,0.196129032,1
702,0.0295999999999999,12.900000000000004,-5.390263888,10.556569400000017,-0.281318681,0
52,0.0173,11.699999999999989,-7.352736111,13.519750000000002,-0.222570533,0
883,-0.0099,4.400000000000006,-3.527958333,1.4445972000000042,-0.291666666,0
319,-0.0038,2.9000000000000057,-4.173506944,1.5070069000000077,-0.1762295079999999,0
1027,-0.0300999999999999,-11.299999999999995,0.8683541660000001,-7.337451399999992,0.307692307,1
661,0.0059,10.799999999999995,-4.236138888999999,4.701083299999978,-0.431818182,0
460,-0.0419,-1.4000000000000057,-1.642340277,1.8268403000000148,-0.135819845,0
866,-0.0052999999999999,5.200000000000003,-3.174472223,0.7921596999999991,0.070512821,1
129,0.0081,0.8000000000000114,0.2354236110000003,3.2560763999999978,-0.0374999999999999,0
637,-0.0157999999999999,-5.0,2.2538333340000007,-4.9244583999999785,0.054054054,0
1136,-0.015,-3.299999999999997,8.749604167000001,-5.059486100000001,0.0999999999999999,1
542,-0.0398999999999999,-9.199999999999989,5.706986111000002,-14.184041600000024,-0.0718954239999999,1
1013,-0.0088999999999999,-6.299999999999998,10.626,-3.043951300000032,0.455128205,1
573,-0.0284,6.5,-0.9103819449999996,4.353347299999996,0.0799999999999999,1
576,0.0091999999999999,1.2999999999999972,-0.294944445,3.220486199999982,-0.182926829,0
250,0.0095,6.0,1.400958334,2.692034700000008,-0.1866666669999999,1
609,0.0374999999999999,1.1999999999999886,-1.0522152779999996,6.26177780000002,0.0652482269999999,1
612,0.0031,-1.3999999999999917,-2.228625,-0.477374999999995,-0.0226449279999999,0
1067,0.0165,-1.0999999999999943,-2.7659722220000003,4.962159699999988,-0.325,0
487,0.0596,11.199999999999989,-0.1702152779999997,7.234055499999997,0.029239767,0
283,-0.0534999999999999,-16.799999999999994,9.295888889,-17.857541700000013,0.3015873020000001,1
446,0.0063,4.700000000000003,1.132909722,-3.337159800000009,0.146070879,1
184,0.0124999999999999,12.699999999999989,-3.744368056,13.71161119999998,-0.0854408739999999,0
221,-0.0169999999999999,-5.900000000000006,1.159090277,-2.1461041999999964,0.1375932839999999,1
964,-0.0242,-11.200000000000005,-3.266805556,-3.2594514000000028,-0.375,1
567,0.0347,9.799999999999995,-0.8709583340000004,4.946597200000014,-0.1771836009999999,0
400,-0.033,-0.3999999999999915,-1.915375,-2.23234029999999,0.0272342669999999,0
955,-0.0149,-5.5,2.785798611,-8.397000000000006,0.033088235,1
677,0.0454999999999999,-5.300000000000012,-0.7266874999999999,-1.7172986000000066,0.0132890359999999,0
128,-0.0545,-4.099999999999993,6.612666667,-11.696749999999994,-0.0124999999999999,1
531,0.0056999999999999,4.599999999999994,2.997479167,1.56461800000001,-0.0061683599999999,1
604,0.0039,7.0,-1.3765972219999998,8.527305599999991,-0.197115385,0
277,0.0184999999999999,2.0999999999999943,-4.190777777999998,9.4986598,-0.28125,1
203,0.042,10.799999999999995,-9.783826388,14.937048699999972,-0.237650477,0
923,-0.0047999999999999,-7.599999999999994,6.894652777999999,-6.794833299999992,0.019138756,1
297,-0.0156999999999999,-0.0999999999999943,1.4822638890000002,8.133541600000015,-0.1186274509999999,0
614,-0.0379999999999999,-3.0,8.177430554999999,-4.456902800000023,-0.0753546099999999,1
68,0.0082,7.799999999999998,-5.361201389,7.749875000000002,-0.102122777,0
116,-0.0497,-8.700000000000003,4.3384166670000015,-4.2124722000000085,-0.0431338029999999,1
63,0.0039,3.200000000000003,-5.141125,3.335666600000025,-0.2754036089999999,1
786,0.0132,0.2000000000000028,-2.372236111,-6.729743099999991,-0.0809523810000001,0
354,0.0199,4.099999999999993,-3.4792986110000004,1.9754444000000149,0.086321721,1
471,-0.0488,-11.5,2.8728888889999995,-14.684430600000011,-0.098668281,1
60,-0.0015999999999999,-0.0999999999999943,-2.796881945,3.049979200000009,-0.218614718,1
13,-0.0082,6.599999999999994,3.123076389,3.985513900000001,0.11572536,1
862,-0.0079,-0.7000000000000028,2.306923611,-1.598152799999994,0.16,1
1061,0.0026999999999999,2.0999999999999943,1.6171597219999998,-5.709826399999997,-0.1,0
1081,0.022,2.200000000000003,2.451736111,1.6645972000000029,0.1785714289999999,1
314,-0.0353,-4.200000000000003,2.107027778,-5.9670208,0.0643656719999999,1
1021,0.06,7.0,-8.943694444999998,15.889347200000003,-0.2756410249999999,1
1117,0.0388,0.5,-2.0085277770000003,6.988291600000025,-0.5476190470000001,0
640,0.0165,-4.0,-1.3762152769999998,-6.831222199999999,0.0380434779999999,0
34,-0.0147999999999999,-1.6999999999999886,0.770048611,-4.949923600000004,-0.135101011,1
1113,-0.0381,-8.800000000000011,6.851930555,-14.632027699999997,0.0,1
438,-0.0193999999999999,1.0,3.328229167,-3.401555600000009,-0.06500848,1
405,0.0605999999999999,8.099999999999994,-3.590861111,10.583222200000009,-0.0333333329999999,0
186,0.0187999999999999,8.399999999999991,-2.918138889,11.18253470000002,-0.1023391809999999,0
220,-0.0160999999999999,-2.4000000000000057,5.970729167000001,-5.359055500000012,0.0999999999999999,0
302,0.0231,5.900000000000006,-5.824326388999999,2.891999999999996,-0.257575758,0
593,-0.0129999999999999,3.0,-3.9436875,4.0431389000000015,-0.06,0
80,-0.0469,-4.200000000000003,7.786444445000001,-4.972868100000014,0.0145442249999999,0
483,-0.0228999999999999,4.0,-2.415631945,2.371902800000001,0.1509353739999999,1
994,-0.0106999999999999,3.9000000000000057,2.106548611,2.4087500000000115,0.023809524,0
292,-0.0973,-19.399999999999988,15.951743056,-24.18565270000002,0.049295775,1
430,0.0135,-1.899999999999992,-2.1940625,-2.864791700000012,-0.1210134129999999,0
491,-0.0444,-4.700000000000003,0.8094861110000005,-2.2376597000000094,-0.036363636,1
1068,-0.02,-0.0999999999999943,3.8325,-0.0633679999999969,0.0,0
243,0.0065999999999999,-5.299999999999997,-3.208701389,-1.0544722000000064,-0.2789641070000001,0
246,-0.0453,-5.700000000000002,1.334451389,-1.4558332999999948,0.007042254,0
418,-0.015,4.699999999999988,-7.354027778,5.827381899999992,-0.062517366,0
1001,0.0470999999999999,15.399999999999991,0.3901874999999997,4.7932222999999965,-0.345238096,0
544,0.0181999999999999,-0.6999999999999886,5.117152778,-2.259520800000004,0.135490395,1
500,0.0654,8.5,-3.012409723,3.7383958000000206,-0.3557389929999999,1
417,-0.0148,-7.099999999999994,1.903555556,-6.725340299999999,0.083131558,1
0,-0.0406,-7.0,-2.777513889,-1.5601596999999856,-0.109766637,0
105,-0.0353,-2.200000000000003,4.505444445,-6.416402700000006,0.131493506,0
146,-0.0108999999999999,-0.6999999999999886,3.466666666,-0.2557916999999889,-0.129004329,0
478,-0.0045,5.299999999999997,0.406041667,8.434277800000004,0.054226475,1
429,-0.0247999999999999,0.0,7.461090277999999,-6.920756899999986,0.263440861,0
902,-0.0166,-5.5,2.0002499999999994,-4.364999999999995,-0.0238095239999999,0
315,-0.0413999999999999,-4.400000000000006,2.843534722,-12.428645899999992,0.3523809529999999,1
679,-0.028,-6.799999999999998,-3.789472222,-10.956041700000014,-0.2076006809999999,0
64,-0.0232,-10.0,0.939083333,-10.423812499999997,0.107036375,1
261,-0.0319999999999999,2.0,5.427805555,-2.9139583999999843,0.397802198,1
599,0.0191,-0.7000000000000028,-3.0099861110000004,-2.7229375000000005,-0.06462585,1
709,-0.0287,-2.9000000000000057,-0.031638889,0.7420694999999853,-0.003126954,0
938,-0.0214999999999999,-9.600000000000009,0.3851250000000004,-6.580638899999967,-0.029239767,0
606,9.9999999999989e-05,-0.5999999999999943,-1.211402778,-0.2451597000000021,-0.0719387759999999,0
26,-0.0338,-10.5,0.0766527780000001,-4.1254306000000165,0.1578947369999999,1
611,-0.0472,-1.7000000000000028,0.0354097219999998,-1.6340486,-0.1160962069999999,1
409,-0.0264,-2.700000000000003,2.340770834,-0.7261320000000069,-0.038797815,0
150,0.0345999999999999,4.0,5.7511875,-0.4793264000000193,0.0759493670000001,1
411,0.002,6.199999999999988,-4.044319444,11.501791600000017,0.101972771,0
461,0.0115,8.5,-2.945645834,4.734902699999992,-0.3605442179999999,1
985,0.0189999999999999,0.7000000000000028,2.777798611,-0.2999235999999712,0.448916408,0
790,-0.0019,-7.099999999999994,1.2123541670000009,-11.100979200000012,0.0789766409999999,0
403,-0.0494999999999999,-3.799999999999997,-1.5712291669999998,-3.532875000000004,0.0084611319999999,0
27,0.0161999999999999,0.2999999999999972,2.229152778,6.682513899999975,-0.258757728,0
1127,0.0091,12.200000000000005,-6.6097916670000005,9.290909700000013,0.166666667,0
49,-0.0300999999999999,-9.0,-0.023340278,-7.517812500000005,0.0216036559999999,1
752,-0.0320999999999999,-10.099999999999994,8.335951389,-10.348402800000017,0.2887218040000001,0
428,0.0291,10.700000000000005,-4.541673612,12.195979099999974,-0.428431372,1
356,-0.0054,7.799999999999998,-8.493534722,6.7217361000000295,-0.036538462,0
772,0.0084,-3.899999999999992,8.633666667,0.8599027999999862,0.346702317,0
225,0.0289999999999999,5.899999999999992,-1.5102499999999996,2.6388472000000007,0.062569418,0
892,-0.0146999999999999,-8.0,2.174,-11.767076400000008,0.1739130429999999,1
671,0.0367,2.0999999999999943,-6.844055556,2.1787082999999967,-0.012088975,0
359,0.0410999999999999,10.0,-0.346743056,6.417305500000013,0.1194029849999999,0
1073,0.0261,4.400000000000006,-3.2388055550000003,6.3847153000000105,0.2,0
258,-0.028,1.6000000000000083,-1.886361111,-1.6846388999999955,-0.0668062429999999,0
233,0.0025999999999999,4.400000000000006,-2.311180556,3.3065693999999866,-0.109375,0
1131,0.0349999999999999,12.700000000000005,-6.489097223,5.595951400000019,0.2,0
1097,-0.0358,-8.399999999999991,-2.1439375000000003,-6.778097200000005,0.125,1
901,0.023,4.5,-6.522104167,8.554729100000017,-0.1785714289999999,1
53,-0.0270999999999999,0.5,5.604979166000001,-5.424763900000002,0.066246499,1
780,-0.0667999999999999,-22.10000000000001,11.634409722,-7.615229200000003,0.324107143,1
806,0.0407,6.6000000000000085,-8.708493055999996,3.9282013999999776,-0.436147187,0
747,0.0014,8.800000000000011,2.2265,9.862888899999971,0.1666666669999998,1
811,0.0451999999999999,5.0,3.102673611,0.8434860999999927,0.1958333329999999,0
523,-0.0505999999999999,-11.299999999999995,8.890333333000003,-16.945798600000003,0.0708898949999999,1
494,0.0165,9.900000000000006,1.340722222,6.822666700000013,0.184095861,1
522,-0.0460999999999999,-12.799999999999995,3.720090278,-9.550000000000011,0.084556255,1
397,-0.0176999999999999,-7.799999999999998,-1.986784722,-6.299972199999999,-0.1726973679999999,1
591,-0.0463,-12.599999999999996,-1.368326389,-3.864625000000004,-0.0731707309999999,1
807,-0.0540000000000001,-7.799999999999998,3.9328125,-4.354763900000009,0.016129032,0
530,-0.0184,-12.400000000000004,0.871618055,-3.456368099999992,-0.0889787669999999,0
384,-0.0122999999999999,-8.099999999999994,7.183138888999999,-13.598305499999997,0.1571428569999999,0
275,0.0177,11.299999999999995,-6.854666667,14.715472200000008,-0.2964871190000001,1
729,-0.0333,-18.90000000000001,1.8940763890000003,-9.418437499999996,-0.0382352939999999,0
167,0.0165,2.200000000000003,-3.740402777,-2.037104100000022,0.0486580079999999,1
305,0.0068,5.5,-3.138979167,3.0934235999999933,-0.1044776119999999,0
475,0.0161,7.700000000000002,-10.883916666,10.271194400000011,-0.172932331,0
87,-0.0113,-5.599999999999994,2.250652777,-2.7079999999999984,-0.1266666669999999,0
737,-0.0303999999999999,-5.0,0.9730833330000004,-4.493763900000019,-0.2226173539999999,0
1006,-0.0253999999999999,-4.0,3.818722223,-3.592402799999988,0.519047619,1
973,-0.0007,2.8999999999999915,-0.2548333340000006,1.049472200000011,-0.2,1
1000,-0.005,-6.400000000000006,7.686097222000001,-4.221687500000002,0.585714286,0
298,0.0216,10.099999999999994,4.306590278,7.362999999999999,0.220588235,0
741,0.0025,-12.299999999999995,-4.496486111,-1.555666699999989,-0.012903226,1
196,-0.0333,0.5,8.813402777,-10.692701400000018,0.2552954289999999,1
473,-0.0185,-5.400000000000006,3.957236111,-9.549680500000008,0.1195361279999999,0
655,-0.0242999999999999,-5.0,-1.964027778,3.1614513999999763,-0.351951952,1
19,0.0146999999999999,11.599999999999996,-2.926694445,9.308048599999992,-0.319988225,0
839,0.0986,17.299999999999994,-3.568465278,15.156708299999972,-0.3598200899999999,0
76,0.0203999999999999,4.5,-6.929041666,4.5918194999999855,-0.2725628800000001,0
190,0.0534999999999999,9.899999999999991,-4.551763888999999,14.402951399999992,-0.061076198,0
1033,-0.0386999999999999,-14.0,5.168777778,-8.661715299999981,0.214285714,0
341,0.0524999999999999,8.599999999999994,-8.120284722000001,11.213597199999995,-0.1478322669999999,0
62,0.0045999999999999,-5.0,-4.211013889,4.433027799999991,-0.2509652509999999,0
585,-0.0193,-1.7999999999999972,-9.697958333,-2.767208399999987,-0.0705782309999999,1
785,0.0064,1.6000000000000083,0.8804375,1.938187499999998,-0.0351906159999999,0
689,0.0246,-1.0999999999999943,-3.766888889,1.5514514000000048,-0.246922025,0
346,0.0297,8.0,6.768951389,3.029034699999997,0.000529661,1
412,-0.0262,-14.200000000000005,-0.817243055,-8.772298599999985,-0.042520492,1
652,0.0362,8.400000000000006,-2.666256944,14.6238125,0.0914728679999999,0
782,0.0035999999999999,1.4000000000000057,-2.044736111,0.8821458999999834,-0.0277056279999999,1
439,-0.0196999999999999,-1.0,5.143159722,-3.1434097000000065,-0.078349856,0
527,0.0322,10.400000000000006,7.175444445,4.116527799999986,-0.0297069449999999,0
208,-0.0411,-1.5999999999999943,3.628340278,-0.0890347000000133,0.0647619039999999,1
324,0.0923999999999999,11.199999999999989,-11.371131945,16.9694722,-0.344801416,0
371,0.0040999999999999,2.200000000000003,-8.333187500000001,2.0883125000000007,-0.335495283,0
1043,0.0429,4.5,-4.9430972220000005,8.18763890000001,-0.386363636,0
78,0.0232,-4.300000000000011,1.8849583330000004,-2.533229099999972,0.065691337,1
458,-0.0669999999999999,-9.5,5.440680555,-15.907347299999998,0.183333334,0
1030,0.006,2.700000000000003,2.115208334,3.6584513999999615,0.272727273,1
948,0.0021999999999999,-1.7999999999999972,-6.097388888999999,4.805625000000006,-0.138235294,1
690,0.0207,0.0,2.6203958330000003,-2.36064589999998,-0.057032115,0
330,0.0085999999999999,9.0,-10.742791667,7.319708399999982,-0.203448276,1
198,0.0779999999999999,13.400000000000004,-10.831020833,10.00803479999999,-0.165614035,1
622,-0.0038999999999999,-0.2999999999999972,1.1531458330000004,-0.4251111000000094,-0.025641026,0
318,0.0143,6.0,-0.435840277,-1.7088679999999954,0.1714285709999999,1
602,-0.0211,-3.0,-9.959777778,-4.266972299999992,0.008979592,0
216,-0.0026999999999999,-5.700000000000002,-2.043875,0.0586735999999774,-0.15625,1
629,0.0073,6.799999999999998,-8.315090278,9.333874999999992,0.023640662,0
524,0.0242,1.7000000000000028,5.903083334,0.625152700000001,0.172222223,1
665,-0.003,3.3999999999999915,0.3101180549999998,-2.6314027999999894,0.145096057,0
578,-0.0042,-2.300000000000012,1.978923611,-6.080347200000006,0.10855406,1
859,0.0212,-7.699999999999988,4.142277778,-7.793590299999992,0.4637037040000001,1
743,0.0295,-4.400000000000006,-0.8467847219999999,1.8374236999999736,-0.0390390389999999,0
61,0.0345,3.4000000000000057,-6.645152778,5.259874999999994,-0.180722891,0
1096,-0.067,-10.599999999999994,7.240305555,-14.849076300000007,0.166666667,1
126,-0.0237,5.299999999999997,-1.3056319440000002,2.2718541000000267,-0.055379747,0
238,-0.0757999999999999,-17.900000000000006,10.868208334,-18.32738889999999,0.1566666659999999,0
137,-0.0684,-10.299999999999995,5.153444445,-5.949298600000006,-0.017279822,0
703,-0.0336,3.1000000000000085,5.1209930560000005,-3.1142638999999974,0.061363636,0
1010,-0.0100999999999999,-8.200000000000003,4.675701388999999,-11.808347300000008,0.2261904759999999,0
878,0.0470999999999999,12.700000000000005,-0.1292986109999994,9.660395800000003,-0.25,0
511,0.0405999999999999,11.0,1.221319445,3.021729199999996,0.094545455,1
1040,-0.0096999999999999,-6.699999999999988,4.158840278,-4.302611100000006,0.246153846,1
456,-0.0430999999999999,-15.700000000000005,8.270402778000001,-11.032083300000007,0.3042717079999999,1
1122,0.0011,1.2000000000000028,4.1235694449999984,-6.554930599999992,-0.133333333,1
812,0.0257,0.0,-4.2290347220000015,4.463999999999999,-0.1336405530000001,0
18,0.0144,-1.4000000000000057,-0.2536319439999999,5.2949097000000185,-0.0291113379999999,1
499,0.011,6.299999999999998,-1.8292708340000003,8.646236099999982,-0.087144089,0
1130,-0.0043,2.700000000000003,1.5751805559999998,-1.7224513999999966,-0.333333333,1
1094,0.0534,12.299999999999995,-5.239152777,16.448999999999998,-0.380952381,1
1056,-0.0146999999999999,-6.899999999999992,0.600569445,-0.9045346999999992,0.0333333329999999,0
781,0.0171,-2.200000000000003,3.744465278,-3.858222299999993,0.1740259739999999,1
744,0.0026,-2.0999999999999943,1.214027778000001,-1.458875000000006,-0.136842105,1
202,-0.0282999999999999,3.6000000000000085,1.543284722,-0.3376875000000012,-0.0764102559999999,0
1078,0.0167999999999999,-0.0999999999999943,1.048194445,4.256180600000022,0.125,0
1025,0.0043,3.3999999999999915,2.312173611,0.5301388999999972,0.1089743589999999,0
312,-0.0418,-7.099999999999994,6.714958332999999,-3.6346527999999982,0.33156315,1
390,0.0339,7.300000000000012,-6.102652778,8.154798600000008,-0.423280424,0
590,0.0141,-3.1000000000000085,-2.185604167,-2.7318889000000013,-0.248062016,0
114,-0.0086999999999999,8.200000000000003,2.2881875000000003,5.237097200000008,-0.032032033,1
962,0.0009,0.5,0.1119791660000004,-1.4713749999999948,-0.081699346,1
222,0.0443,2.6000000000000085,-6.069249996999999,5.525236100000001,-0.0968551039999999,0
188,0.0112,13.300000000000011,0.6176736110000001,11.083888899999993,-0.032467532,0
600,-0.0135,1.4000000000000057,3.787729166,-7.724979199999992,-0.194848824,0
16,-0.0468999999999999,-6.400000000000006,-1.555805555,-1.6434653000000026,0.0,0
88,-0.0111,7.099999999999994,1.6695624999999998,-0.1252638999999931,0.187212644,1
103,0.0131,-2.4000000000000057,-2.0432569440000004,-2.297402699999992,-0.05873494,1
864,-0.0134,10.099999999999994,-1.3285416669999996,1.4589375000000049,0.166666667,0
94,-0.0429,-13.400000000000004,5.391951389,-6.1398957999999775,0.0163617439999999,0
23,0.0055,3.5999999999999943,-2.1865,2.173138800000032,-0.104651163,0
92,0.0267999999999999,0.1000000000000085,-5.255104167,3.804048699999967,-0.214506173,0
423,0.0453,13.200000000000005,-4.671833333,11.031451400000009,-0.28014071,1
455,-0.0192,-1.0999999999999943,1.2594375000000009,-5.478347199999988,0.16,0
253,-0.0689,-6.900000000000006,8.341243059,-4.061680599999988,-0.113181505,1
517,-0.0031,-5.900000000000006,4.631236111000001,-4.830451400000015,0.0158730149999999,1
175,0.0167999999999999,7.800000000000012,3.749715278,-3.169013899999996,-0.12952381,0
512,-0.0310999999999999,-13.0,4.4043125,-10.416208299999994,-0.0087662339999999,1
287,-0.0292999999999999,-6.200000000000002,1.871791667,-6.7678820000000135,-0.1352657009999999,1
1038,0.0807,2.6999999999999886,-7.992756944999999,7.339868099999991,-0.1987179479999999,0
986,0.0343,5.899999999999992,-3.122854167,5.8197014000000005,-0.2,1
532,0.0006999999999999,3.300000000000012,-7.568541667000001,2.9476250000000017,-0.094339622,0
140,-0.0418,-8.299999999999997,5.896013889,-14.29586110000001,0.356481482,1
795,-0.0063999999999999,-1.0,1.356493056,3.275715200000008,-0.0625,0
107,-0.0023,10.399999999999991,-5.616138889,10.310215299999982,-0.2721951220000001,0
881,0.0319999999999999,-0.2000000000000028,-6.683916665999999,1.7534027000000094,-0.4169960479999999,1
349,-0.0518,-3.9000000000000057,6.922409723,-6.311902799999999,0.136204147,1
333,0.0176,3.299999999999997,-1.654284722,0.4291320000000097,0.0113712369999999,1
993,0.0362,11.199999999999989,-5.381451389,1.3743681000000123,-0.276018099,1
1080,0.0276,12.700000000000005,-9.041423611,7.966166599999966,-0.7460317460000001,0
1077,0.0023,8.5,-1.372208334,4.1695209000000375,0.303571429,0
263,0.021,8.599999999999994,-6.8176319450000005,6.269291700000012,-0.1625418059999999,0
693,0.0056999999999999,-4.099999999999993,2.871868055,-5.6067083000000215,0.0972222219999999,1
536,0.0141,2.5,-2.8836666660000003,9.678812500000006,-0.028280543,0
164,-0.0298999999999999,2.799999999999997,1.147041667,-0.8326388999999921,-0.0298701299999999,0
718,0.0317999999999999,9.0,0.095215278,8.424458300000014,0.0750469039999999,0
960,-0.0115,-2.5999999999999943,2.166555555,2.0187360999999977,0.1176470589999999,1
476,0.019,6.0,3.2060625,-1.5747569999999769,0.0834542809999999,1
399,-0.0345999999999999,-9.5,3.603194444000001,-3.0002431000000067,-0.117521367,1
943,0.0322,13.5,-9.886409722,8.692097200000006,-0.3169934640000001,0
760,-0.0363999999999999,-4.5,-0.1342986110000001,-5.178666600000014,0.0388888889999999,1
295,-0.0352,-4.700000000000003,2.011944444,-10.240659800000005,-0.0193979939999999,1
240,-0.018,5.5,1.4643472219999998,3.2384304999999927,-0.0200072099999999,0
224,0.0246,11.400000000000004,-6.839722223,7.1478819000000025,-0.163349917,0
754,0.0458,10.400000000000006,1.7567986120000008,9.6844653,0.197683398,0
569,0.0145,4.299999999999997,5.667180556,-2.252909699999975,0.206666667,1
450,-0.0401,-1.7999999999999972,-1.652381944,-5.2538888999999935,-0.172413793,1
893,0.0267,2.0999999999999943,-1.5325902779999998,5.772444399999998,-0.209486166,0
753,0.0111999999999999,4.399999999999992,0.5790277770000001,8.176513900000018,-0.0960317459999999,0
124,-0.0334999999999999,-4.599999999999994,2.2206875,-6.143458399999987,-0.043670886,0
868,0.0276,21.200000000000006,-7.481222222,10.086979199999988,-0.352272727,0
1108,-0.0227,-4.6000000000000085,2.661923611,-3.3450973000000066,0.357142857,0
552,-0.0118999999999999,3.799999999999997,3.763486111,2.3173333000000014,-0.22877193,0
1140,0.0409999999999999,12.800000000000011,-5.909506943999999,8.143493099999986,-0.75,0
856,0.0413,-0.6000000000000085,0.4365694450000001,3.2608750000000133,0.2,0
195,-0.0066999999999999,4.800000000000012,-4.221430555,-4.434993100000014,-0.1142708519999999,0
210,0.0276,11.700000000000005,-0.4532361110000001,8.757638899999975,-0.024979525,0
1023,-0.0135,4.900000000000006,0.448236111,-3.891708299999976,0.188311688,1
1105,-0.0634,-14.100000000000009,4.636833333999999,-12.234034800000003,0.095238096,0
833,0.0019,3.299999999999997,1.4926944439999998,-1.8445833000000107,0.3428571429999999,1
338,-0.017,-2.8999999999999915,1.887840278,-3.3076040999999776,0.1021505379999999,1
755,0.0064,6.300000000000012,-1.920506944,1.7406805999999762,-0.2285714289999999,1
93,-0.0435999999999999,-14.699999999999989,6.497229166,-10.87913189999999,0.0650994569999999,0
940,-0.0131999999999999,-5.200000000000003,7.083222221999999,-0.9365832999999952,0.4005847950000001,1
174,0.006,7.400000000000006,-1.768666667,9.214847199999994,-0.1143924569999999,0
919,-0.0249,-2.5999999999999943,-1.4088888890000004,-2.3800347000000097,-0.25,1
249,-0.0315,-15.0,3.792006944,-13.201111099999974,0.192380952,0
343,-0.0312999999999999,-1.6999999999999886,4.111152778,-9.618381900000015,0.207282913,0
20,0.0432,2.0,-3.4737083330000003,6.402180500000013,-0.1357558139999999,0
391,-0.0035999999999999,-9.299999999999995,-0.1311736109999999,-8.163409700000019,-0.0483870969999999,0
339,0.0357,14.0,-7.875569445000001,10.587833299999987,-0.196078432,1
987,-0.0204999999999999,-11.100000000000009,6.685423611,-3.4404375000000016,0.428571428,1
75,0.0363999999999999,20.399999999999988,-3.846048612,12.2390556,-0.306277742,0
1129,-0.012,3.0,6.378194445,-4.1620208000000085,0.166666667,1
398,-0.0319,-5.199999999999988,3.918013889,-2.681847200000006,0.093681917,1
201,-0.0778999999999999,-6.5,9.766,-11.818493100000012,-0.0159307359999999,0
351,-0.0011999999999999,-1.9000000000000057,3.1584375,1.546861100000001,-0.223214286,1
358,-0.0235,-11.5,7.580958332000001,-11.504868000000016,0.0583333329999999,0
273,-0.0055,-8.600000000000009,6.751097222,-10.892090299999992,0.039393198,1
1014,0.0396999999999999,-3.0999999999999943,-8.697340277999999,2.131548600000002,-0.082051282,0
347,-0.004,-6.0,-0.236854167,-6.069034700000018,-0.1231617649999999,0
505,-0.027,-9.5,3.044763889,-4.1292430000000175,0.176242236,1
877,-0.0195999999999999,-4.400000000000006,-0.2552222229999996,-3.843590299999988,0.415652174,0
791,-0.0030999999999999,-9.0,4.219166667,1.929597200000004,-0.0132575759999999,0
874,-0.0008999999999999,-1.7000000000000028,1.3784166670000004,-7.268319399999997,-0.08173913,1
85,-0.0372,0.0,-0.8939444440000001,0.6415972000000068,-0.0778614460000001,0
102,-0.0047999999999999,-0.3999999999999915,-0.8065694450000002,-0.8488959000000307,-0.0111972439999999,0
817,0.0102,-0.1000000000000085,1.5754652779999998,6.077430599999985,0.152873564,0
683,0.0212999999999999,1.3000000000000114,1.673798611,-3.8480138999999984,-0.044900221,0
899,0.0241,2.0999999999999943,6.228034722,-0.48404859999998,-0.380952381,0
1121,-0.0105,7.599999999999994,0.7527708340000001,11.27982640000002,0.0476190469999999,1
99,-0.0117999999999999,5.1000000000000085,-9.421125,6.940992999999992,-0.115326708,0
707,0.0202,11.200000000000005,-2.9934375,8.186374999999998,-0.0514705879999999,0
192,-0.0070999999999999,-6.299999999999998,3.1402499999999995,-4.992402800000008,0.0210312079999999,0
1,-0.0079999999999999,-7.400000000000006,1.881305556,-5.042486099999991,-0.1149425289999999,0
596,0.005,-1.0999999999999943,-1.4388333329999998,-0.7486111000000051,0.094858156,0
1103,0.0353999999999999,8.799999999999997,-3.1472777780000003,5.792861099999996,-0.625,0
837,0.0076999999999999,-4.0,4.1330486120000005,0.4841180000000094,0.017195767,0
1071,-0.0481,-4.299999999999997,0.9465555560000004,-9.9241806,0.4545454539999999,1
560,0.0713,2.200000000000003,-2.355513889,-0.8398819000000088,-0.257637938,1
1123,-0.0144999999999999,-2.8999999999999915,2.807791667,0.3644861000000077,0.133333333,1
742,-0.0203999999999999,4.0,-4.795159722,0.8553332999999839,-0.3952205879999999,0
270,-0.003,-4.0,-1.227486111,2.185208399999979,-0.252220664,0
610,0.0056999999999999,-0.5999999999999943,-1.888347222,-5.617444499999976,-0.233333333,0
194,0.0269,9.200000000000005,0.7848888889999999,2.7597708000000125,-0.268627451,0
179,-0.0199,-2.299999999999997,9.56825,-11.980437499999995,0.084407736,1
633,-0.0203,-6.099999999999994,5.866333332999999,-5.910243100000002,-0.043026005,0
357,-0.0314,-3.799999999999997,6.564868055,-7.350722300000001,0.1395403929999999,1
9,-0.0111999999999999,2.799999999999997,-2.7558958329999994,4.675631900000012,-0.2655620240000001,0
226,-0.0249,6.5,0.312284722,3.9400555999999938,-0.0329940329999999,1
549,0.0587999999999999,1.3999999999999917,0.5529791669999997,-1.3943332999999996,-0.230769231,0
248,-0.0242999999999999,-6.0,1.294118056,-2.3333819999999856,-0.073182474,0
1114,-0.01,-4.5,6.206097223,-1.5602291000000148,0.0571428569999999,1
421,-0.0344999999999999,-2.0999999999999943,-4.427965277999999,0.4972361999999748,-0.0384615379999999,0
213,-0.0372,-2.5999999999999943,-1.040770834,-10.817007000000006,0.021245421,0
631,-0.0204999999999999,-4.200000000000003,0.8902222219999998,-5.203798600000027,-0.0722284439999999,1
382,-0.0442999999999999,-2.200000000000003,1.324090278,-2.495138899999972,0.199007444,0
335,0.0144,5.6000000000000085,4.030423611,-0.9344305999999848,-0.145762712,0
187,0.0105,6.5,-6.894118056,5.5760694999999885,-0.0082882890000001,0
492,0.0117999999999999,4.099999999999993,-7.1198611110000005,6.382784700000017,-0.158986175,0
1037,0.004,7.900000000000006,0.533270833,2.0011735999999867,-0.1363636359999999,0
586,-0.0516,-13.5,2.5115972230000003,-15.309555500000016,-0.019638044,1
444,0.0247999999999999,8.300000000000011,-7.234416667,7.069229199999995,-0.235343151,0
710,-0.0070999999999999,-3.799999999999997,-2.425263889,0.2477708999999777,-0.057051282,0
1092,-0.0079999999999999,3.1000000000000085,-3.1405625,0.4120415999999807,0.107142857,1
843,-0.0501,-16.700000000000006,8.955,-10.522986099999985,0.245210728,1
572,0.0105,4.5,-1.3889375,2.464541600000018,-0.0625,0
953,-0.0145,-11.300000000000011,7.754090276999999,-3.933597199999993,0.2777777779999999,1
601,0.0056999999999999,-6.099999999999994,0.2479305559999998,-9.608833299999986,-0.030637255,1
991,-0.0041999999999999,2.5999999999999943,1.3803472229999998,-6.123888800000032,0.1714285709999999,0
912,-0.0101999999999999,5.700000000000002,-4.487444443999999,-1.2842082999999749,0.0999999999999999,1
77,0.0129,0.5,-5.776173610999999,-5.267757000000003,-0.040813363,1
799,0.0560999999999999,5.700000000000002,-3.783465278,8.307625000000002,-0.429467084,1
816,-0.0217,2.299999999999997,3.758569445,0.7727847000000025,0.199110123,0
113,0.0016999999999999,5.199999999999988,2.450256944,4.5282847,0.019480519,0
699,0.0223,-10.099999999999994,0.6860277769999996,-4.8605832999999885,0.036363636,0
674,-0.005,-10.799999999999995,4.856486111000001,-6.210763899999988,0.197402598,1
274,-0.0479,-2.5,-0.0272569440000003,-1.1032430000000062,-0.2571428570000001,1
944,0.034,1.4000000000000057,-0.0395625000000001,-1.5108194000000026,0.148606811,0
1055,-0.0229,-1.7999999999999972,6.949451388,-8.835361099999998,0.3,1
965,-0.0488,-10.399999999999991,1.6355069440000003,-6.136354199999985,0.301587301,0
1069,0.0055999999999999,3.700000000000003,2.0455833340000003,-2.164618099999984,0.6777777779999999,1
95,0.0291,-1.2999999999999972,-1.0561666669999998,-2.3219235999999768,-0.1258911499999999,1
209,-0.0052999999999999,8.899999999999991,-0.982173611,7.283486100000005,-0.2332640339999999,0
147,0.0565,15.900000000000004,0.2268680550000001,12.31929860000001,-0.0439935059999999,1
1119,0.0217999999999999,5.900000000000006,4.593840278,3.9460555,0.357142857,1
300,0.0029,-3.1999999999999886,4.849201388999999,-4.988215199999999,-0.042913732,0
635,-0.0007999999999999,11.399999999999991,-2.548034722,13.299902799999998,0.188405797,0
381,0.0102999999999999,2.0,-3.076722223,-2.0634444000000087,-0.0256410249999999,1
448,0.0423,5.200000000000003,-1.2321875,8.713083300000008,0.105263158,1
264,-0.0538999999999999,-6.700000000000002,2.570993056,-3.1390277999999934,0.0213279679999999,0
698,-0.0332,-10.400000000000006,6.314861111,-3.848048600000027,0.317073171,1
410,-0.0333,-0.5999999999999943,3.058659722,-4.958270800000007,0.380769231,1
51,-0.0026999999999999,-0.6000000000000085,5.497569444,-4.589590300000012,-0.062709151,0
900,-0.0165,-3.5999999999999943,-4.357215277,-0.1128819999999848,0.040669856,0
81,-0.0136999999999999,-2.5,-5.755868056000001,-6.8798125,-0.067901234,1
728,-0.0299999999999999,-8.299999999999997,7.600854167,2.0000485999999995,0.2605263159999999,1
441,-0.0210999999999999,-8.799999999999997,-7.251201388999998,-5.2783819999999935,-0.1935576649999999,1
169,0.0388,9.599999999999994,-3.4865972219999986,6.964840300000006,0.213896713,1
644,0.0017,-10.400000000000006,5.2070625,-1.30795830000001,0.3204678360000001,0
548,0.0211,6.200000000000002,-1.689993056,10.183763899999976,-0.019607843,1
402,-0.0161,-0.2000000000000028,0.508,-1.8357569999999723,0.291404613,1
886,0.0025999999999999,0.2000000000000028,-1.169465278,-0.6209791999999936,-0.162055336,1
306,-0.0187999999999999,-2.0999999999999943,-4.434409722,-0.295194400000014,-0.0722474579999998,1
1007,0.0530999999999999,10.5,-8.889013889000003,11.847215200000008,-0.104395605,1
1137,-0.0592999999999999,-11.599999999999996,5.258729166999999,-12.973847200000009,0.15,1
1032,0.0548,7.099999999999994,-8.966173611,8.614118099999986,-0.6263736260000001,0
29,0.0152999999999999,-1.7999999999999972,-2.461368055,3.1423263999999733,0.2119186049999999,1
1012,0.0131,-1.0,0.248770833,3.974993099999992,-0.1263736260000001,1
79,0.005,10.800000000000011,1.4631944449999998,4.887208300000012,0.085946574,1
815,-0.0194,0.9000000000000057,0.6594583329999999,-8.942326400000011,-0.125287357,0
48,0.0304,7.900000000000006,1.017020833,4.6225485999999885,0.131242741,1
1107,-0.0627,-3.5,0.8940902769999999,-10.593270800000012,0.25,1
55,-0.0353999999999999,-5.299999999999997,7.076444445,-10.722909700000017,0.406552495,1
445,0.0283999999999999,9.799999999999995,-10.411527778,10.91384029999999,-0.3940677970000001,0
695,-0.0045,1.6999999999999886,-2.025597222,-2.7633124999999983,0.062195122,0
117,-0.0379999999999999,-13.700000000000005,-0.8681666659999999,-12.671125000000004,-0.047082433,0
647,0.0065999999999999,0.9000000000000057,-4.987652778,-1.7001181000000116,-0.272222222,0
245,0.0611999999999999,5.800000000000012,-12.569048611,10.784208300000005,-0.3421717169999999,1
667,0.0209,8.299999999999997,-2.882256944,6.852659700000004,0.046511628,0
639,-0.0045,6.0,-3.2734930560000004,2.2935070000000053,-0.203349282,1
800,0.0507,12.399999999999991,-4.613479167,8.496840300000018,-0.2703003329999999,0
136,0.0269,5.599999999999994,-0.8125347219999997,3.7960208999999736,-0.324085313,1
244,-0.0394999999999999,-6.400000000000006,5.300506945,-8.683166700000001,0.0168587279999999,1
383,0.0425999999999999,0.3999999999999915,-5.561555555,4.711124999999996,0.004842615,0
847,0.019,-0.5999999999999943,-0.8097083330000001,6.595159699999996,0.0137362629999998,1
605,0.018,10.099999999999994,-4.051138889,8.760666699999987,-0.341666667,0
386,0.0416999999999999,10.099999999999994,-9.523756945,11.862826400000005,-0.195726496,0
950,-0.0271999999999999,-12.700000000000005,8.752944444,-9.057777699999988,0.0941176469999999,1
123,0.0484,13.799999999999995,-8.0974375,5.853819400000019,-0.4276428330000001,0
808,0.0058,-10.5,5.813263889,-5.338659800000002,0.201334816,0
933,-0.0331,-11.200000000000005,11.385993055,-8.4711875,-0.0555555559999999,0
814,-0.0085999999999999,-12.199999999999989,-0.0197222219999999,-9.844125000000004,-0.048029557,1
262,-0.0020999999999999,3.5999999999999943,-8.611180556,5.26835419999999,-0.099014337,0
1041,0.0068,10.799999999999995,-2.0654722220000004,2.8969096999999957,-0.020979021,1
241,0.0263999999999999,10.200000000000005,-6.564937499999999,8.613138899999967,-0.004946727,0
861,0.0369999999999999,9.0,-3.836361111,3.983131900000018,-0.449074074,0
696,0.0192999999999999,2.1999999999999886,2.490291665999999,5.527430500000008,0.1219512199999999,0
407,0.0482,8.0,-5.010076389,7.746055599999992,-0.0158730159999999,1
372,0.0247,2.0999999999999943,-6.5508611110000015,3.3142638999999714,-0.167180277,1
1028,-0.0592,1.5,4.833416667,-0.4869583999999776,0.3095238099999999,0
327,0.015,-1.2999999999999972,-4.248319445,0.4278750000000002,0.1287878779999999,0
109,0.0319,11.799999999999995,-7.110180556,6.3475416999999785,-0.305136986,0
595,-0.0341,-2.1999999999999886,2.4185486110000003,0.1537083999999851,0.18367347,1
370,-0.0698,1.0999999999999943,0.1434374999999996,-1.992548699999972,0.0625,1
121,0.0276,0.5,-4.9343333330000005,2.4669513999999992,-0.0759615379999999,0
143,0.0004,8.5,-1.1530208340000003,11.004076400000002,-0.127941176,1
657,-0.0026999999999999,0.0999999999999943,1.818513888,-3.2656180000000177,0.1716312049999999,0
142,-0.0421,-7.399999999999991,3.939138889,-9.269388899999996,0.0890688259999999,1
217,-0.0593999999999999,-12.700000000000005,4.749618055999999,-14.65730550000002,0.1337840239999999,1
1104,-0.0055999999999999,-5.200000000000003,4.766902778,-0.1891944000000052,0.214285714,0
173,-9.9999999999989e-05,-4.5,2.5735625,-3.3579513000000247,-0.0764669799999999,0
636,0.0042999999999999,6.299999999999998,-0.0609305559999999,6.943590200000003,0.080193237,0
106,-0.0166999999999999,1.2999999999999972,1.6494513889999998,-2.3931040999999738,-0.147955648,1
353,0.0571,15.5,-2.593013889,15.115069500000004,-0.25700431,0
992,-0.0259999999999999,0.3999999999999915,5.329395833,1.5218402999999938,0.1714285709999999,0
712,0.0070999999999999,-11.5,2.0745486109999995,-7.19615970000001,-0.1335656219999999,1
884,0.0015,5.0,0.128069445,0.0159999999999911,0.06884058,1
364,-0.0054,0.7000000000000028,-1.528284722,-3.025992999999985,-0.20893142,1
574,-0.0232999999999999,-0.5999999999999943,-1.481791667,0.0185278000000295,0.0816666669999999,1
454,0.0029,2.5,-2.1908541660000003,0.9677152999999948,-0.0203201969999999,0
577,0.0769999999999999,13.200000000000005,-9.641138888,8.307895800000011,-0.4419047620000001,0
926,0.0022,2.6000000000000085,-10.073625,5.250951300000025,-0.380952381,0
928,0.0105999999999999,5.5,-5.263381944999999,7.7119305000000224,-0.0722222219999999,0
927,-0.076,-16.099999999999994,7.845840278,-11.7638472,0.386363636,1
581,-0.043,-8.300000000000011,7.667993055,-8.422458299999986,0.040816327,1
1095,-0.0049,0.5,5.021763889,-3.894541700000018,0.055555556,1
490,-0.0312999999999999,-3.6000000000000085,0.4722152770000001,-3.3418888999999865,0.1391625620000001,0
1020,0.0254999999999999,0.7999999999999972,-0.5532013889999998,-3.901687500000008,-0.1703296709999999,1
374,-0.0187,-4.200000000000003,-0.2641249999999999,-1.8580764000000016,-0.137085138,1
424,0.0408999999999999,13.5,-11.551090278,14.980298599999998,-0.2741199480000001,0
922,0.0059,-6.399999999999992,2.585520833,-4.206743000000017,0.210526315,1
934,-0.0209999999999999,-0.1999999999999886,-3.1945694450000004,2.4561805000000163,-0.511695906,1
555,-0.0316,-6.799999999999998,0.7923263890000003,-6.775645800000022,-0.0418054009999999,0
1102,-0.0034,2.5,2.461069444,-1.874006900000012,-0.1714285709999999,1
563,-0.0038999999999999,5.599999999999994,0.286444445,3.319430500000024,-0.4119601330000001,0
148,0.01,3.0,-4.217979166,2.119826300000028,-0.222222222,0
223,-0.0368,-9.200000000000005,-3.591291667,-2.6860485999999923,0.0542465749999999,1
958,-0.0060999999999999,-1.6000000000000083,-1.1666736109999991,-3.2535277999999863,-0.139473684,0
751,-0.0449999999999999,-3.700000000000003,-4.765465278000001,-10.248465199999998,-0.101351351,0
134,0.0212999999999999,6.5,-7.469229167000001,7.284236100000001,-0.0910714289999999,1
570,0.0174999999999999,-4.700000000000003,0.8769583330000001,-2.2426457999999907,-0.190909091,0
648,-0.0146,3.700000000000003,-1.860777778,-3.806576399999983,-0.396103896,0
368,-0.0611,-2.3999999999999915,3.746555556,-8.689861099999987,0.257871455,0
909,0.0029,-9.5,-1.971618056,-0.3479791999999975,-0.25952381,0
1049,0.0297999999999999,8.299999999999997,-6.735680556,10.213645900000031,-0.518181818,1
792,0.0331,2.8999999999999915,-0.4863263890000002,4.561520899999991,-0.141098485,1
681,-0.0268999999999999,-13.900000000000004,2.642118056,-8.485951400000005,0.0926640919999999,0
863,-0.0185,6.299999999999998,-5.7935347230000005,1.7764582999999874,-0.217948718,0
252,-0.0204,3.200000000000003,0.7272083340000006,0.3627986000000049,-0.4017334779999999,1
290,-0.0030999999999999,5.599999999999994,-4.895055556000001,3.4158472000000017,-0.1294117649999999,0
376,0.0693,13.599999999999996,-2.336854166,14.488055500000002,0.0829725829999999,0
996,0.0036999999999999,-9.299999999999995,-5.847944445,-0.0817846999999858,-0.1428571429999999,1
377,0.0121999999999999,-3.4000000000000057,-3.825631945,1.5471597000000088,-0.148963317,0
969,-0.0227,0.7999999999999972,2.920083334,5.289097300000009,0.284722222,0
905,0.0162999999999999,4.5,-4.781506945,7.911083299999987,0.086363636,0
685,0.0060999999999999,10.400000000000006,-0.1182013889999999,12.297722300000006,0.035437431,1
676,-0.0308999999999999,2.299999999999997,-5.974395833000001,-2.0226110999999776,-0.05,0
170,0.0105,3.6000000000000085,3.58325,-1.3892986000000318,-0.019166667,0
139,-0.023,-4.899999999999992,1.6954305560000005,0.2981388999999979,-0.0958860760000001,1
367,-0.0620999999999999,-6.399999999999992,4.251006943999999,-10.213472300000006,-0.170613237,1
844,-0.0059,1.0,3.489451389,1.206298599999997,0.0,1
913,0.0373999999999999,13.200000000000005,-10.609138889,11.829284700000002,-0.3684210520000001,0
974,-0.0161999999999999,-7.0,-2.214840278,-8.111201400000013,-0.341911765,1
463,0.0149,2.5,0.7257222220000004,-4.0514166000000245,-0.0575980389999999,0
694,0.0222,2.9000000000000057,-3.064055556,5.430680599999988,-0.0615563299999999,1
59,0.0259999999999999,0.9000000000000057,-4.269673611,0.4744445000000042,-0.414177979,0
885,0.0137999999999999,-0.5999999999999943,-6.438430556,4.20186799999999,-0.2735507239999999,0
1060,0.0035,9.899999999999991,-4.1699375000000005,5.645888900000018,-0.2051282049999999,0
762,0.0208,7.400000000000006,1.530361111,1.9611179999999848,0.1605042019999999,0
941,-0.0076999999999999,8.599999999999994,-4.873680555,3.408055500000017,-0.011764706,1
472,-0.0583,-12.800000000000011,11.292861111,-12.539020899999969,0.2253918499999999,1
323,-0.0238999999999999,1.0999999999999943,2.007270833,-2.2224444999999946,0.0352781549999999,0
329,0.0494999999999999,16.0,-11.002354167,16.79967360000002,-0.2155399469999999,0
624,0.0072,-5.399999999999992,-0.6582499999999998,-8.5137639,0.0165002169999999,1
725,0.0088999999999999,2.0,-5.656520834,7.540222299999996,-0.262308998,0
1086,0.003,-4.400000000000006,-4.9416805550000005,2.9689791999999926,0.2077922069999999,0
670,-0.0682,-14.900000000000004,6.200069444,-15.98645139999998,0.137445888,1
1044,-0.0215,-10.5,1.370777778,-7.4664722000000125,0.166666667,1
350,-0.0353999999999999,-1.9000000000000057,-4.256027774,-5.079722200000006,-0.1462931529999999,1
949,0.0074999999999999,2.8999999999999915,-2.513347222,1.663375000000002,0.009287926,0
765,0.0383999999999999,-1.2999999999999972,3.018291667,-1.6299514000000244,0.0325123149999999,1
82,-0.0236,-6.299999999999998,-0.8372638889999999,-7.957409700000013,0.2572755419999999,1
485,-0.0014,-7.799999999999998,7.306486111,-11.368805500000024,0.112522686,1
1063,0.0438,7.099999999999994,-8.197854166,6.442298600000001,-0.036363636,1
895,-0.0091999999999999,-11.599999999999996,1.6403749999999997,-8.356861100000017,0.0,1
406,-0.0373,-0.5,5.976006945,-8.37889580000001,0.237817797,0
111,0.0158999999999999,-1.5,4.412701389,2.321888899999962,-0.031145902,0
697,0.0398,3.899999999999992,-0.790625,5.451861099999974,0.1219512199999999,0
580,-0.0447,-18.399999999999988,3.479743055,-10.359020799999982,0.089635854,1
823,0.0133999999999999,-2.300000000000012,-2.435902778,4.848972200000006,-0.16009558,0
205,0.002,2.8999999999999915,2.859875,2.4519999999999977,0.114772307,0
284,-0.0249,-5.299999999999997,-1.3366319439999998,-0.7251874999999899,-0.327683616,1
419,-0.0009,1.7999999999999972,4.301104166,0.1015694000000166,0.214494448,0
556,0.0119999999999999,4.300000000000011,-3.3696597230000007,8.417881999999977,-0.085234094,0
481,0.0703,10.599999999999994,-0.277833333,10.40421529999999,-0.0686274509999999,0
96,-0.0517,-5.199999999999988,4.220048610999998,-7.975243099999999,-0.0741335049999999,0
583,-0.0057,2.299999999999997,-3.99775,3.7231597000000094,-0.2156862749999999,0
138,0.0072,0.7000000000000028,0.1860555559999999,0.1399027999999873,-0.335703139,0
510,0.0051,16.099999999999994,-2.063006944,8.667972200000008,-0.095075758,0
320,0.0534,8.0,-7.493909722000001,8.854784800000004,-0.039930556,0
634,-0.0447,-1.2999999999999972,-1.676534722,-11.881513899999971,0.0170454549999999,1
432,0.0277,-1.9000000000000057,0.343847222,5.519548599999993,0.180076628,0
638,-0.0234,-12.5,2.819965278,-1.2981874999999974,0.200483092,0
684,-0.008,8.599999999999994,-8.878965276999999,-2.3532152999999885,-0.1666666660000001,1
159,0.0162,0.2000000000000028,-0.8580902770000001,1.8869791999999992,-0.086399108,1
322,-0.0196999999999999,-7.200000000000002,-2.8549166660000003,-6.844534699999982,-0.0496894409999999,0
942,-0.0317999999999999,4.700000000000003,5.4743472220000005,-4.106645899999975,0.452380952,1
805,-0.0152,6.700000000000002,-6.862020833000001,2.987117999999996,-0.1481854840000001,0
951,0.0101999999999999,-1.4000000000000057,2.048895834,0.1326180000000221,0.3900928790000001,0
898,-0.0515999999999999,-12.300000000000011,9.245645834,-11.946756999999993,0.221428571,0
296,0.0100999999999999,7.099999999999994,-4.612222222,5.428479199999983,-0.069651742,1
254,-0.0301,-5.0,7.582458333,-9.972354200000012,0.0323563,1
539,-0.0325,-8.299999999999997,-1.9749375,-4.060215299999996,-0.221698113,0
161,-0.0265,-2.0,0.3117777779999997,-1.0355556000000092,-0.1027453549999999,1
615,-0.0121,-3.799999999999997,1.611444445,-4.102451300000027,-0.046474359,1
214,0.0004,7.599999999999994,-5.973111111000001,3.684493099999983,-0.1261261259999999,0
989,0.0092,-4.900000000000006,1.153729166,-2.0383264000000025,-0.269230769,1
714,-0.0080999999999999,10.099999999999994,-6.9095,10.457833300000004,-0.3944256759999999,0
932,0.0207999999999999,-2.799999999999997,-0.5851180560000007,4.417006900000018,0.027272727,1
759,0.0096999999999999,-6.400000000000006,-0.934868056,-9.79965279999999,-0.251192368,1
1099,0.0452999999999999,-1.7000000000000028,-4.303180556,5.7942291999999895,0.089285714,1
1074,0.0005,6.299999999999998,-4.839131944,7.117256999999981,0.036363636,0
653,-0.0055,0.0,7.992104167000001,-2.134354200000004,0.0787878779999999,0
579,-0.0022999999999999,3.3999999999999915,4.102402777,2.3165347000000054,0.268707483,1
387,-0.0291,1.0,-4.441368056,-1.2787429999999915,0.0107526879999999,1
37,-0.0507,-11.400000000000004,8.907638888,-6.537611199999972,-0.027149321,1
830,-0.0443,-17.700000000000006,9.413875,-6.920625000000001,0.2605363989999999,1
961,0.018,6.099999999999994,-6.847972221999999,5.18870130000002,-0.3125,0
1065,-0.004,4.0,-6.879701389000001,-2.3228402000000017,-0.5,0
282,0.0179999999999999,5.099999999999994,4.579263889,-0.1976736000000016,0.003952569,1
826,0.0146,5.599999999999994,-2.390270833,4.093062500000002,-0.071428571,1
404,-0.0492,-5.099999999999994,10.831881944,-9.20598609999999,-0.0178571429999999,0
12,-0.0278,-5.5,4.287277778,-12.681326400000003,0.0274514809999999,1
1048,-0.0324,-5.200000000000003,4.976263889,-8.831611100000018,0.2727272719999999,1
745,-0.0173999999999999,-2.4000000000000057,-1.3875208340000005,-4.026326399999974,-0.242857143,0
183,0.0005,0.2999999999999972,0.4634791670000002,-3.946791599999969,0.0762300759999999,1
200,-0.0085999999999999,-6.599999999999994,1.048270833,-7.417416699999991,0.1737089209999999,1
294,0.0022999999999999,9.099999999999994,1.314486111,8.610076399999997,-0.124875374,1
467,0.007,4.400000000000006,0.182159722,1.924624999999992,-0.287280701,1
120,0.0186999999999999,-3.5,-4.8909513890000005,5.739694500000013,-0.2793209879999999,0
91,0.0031999999999999,0.7000000000000028,-5.9485,3.226722199999984,0.017901235,1
537,0.0264,5.800000000000012,0.6652569439999999,5.592673600000026,-0.094164456,1
516,0.0281,5.099999999999994,-3.1673402780000006,7.660972200000002,-0.279388084,1
57,-0.0349999999999999,-9.900000000000006,9.699979167,-12.882673600000034,0.202693125,1
496,-0.0181999999999999,-8.700000000000003,2.5490069450000004,-6.788333299999992,0.0090852129999999,1
388,0.0275,9.399999999999991,0.401729166,4.797611199999976,-0.314420062,0
506,-0.0035,1.9000000000000057,-2.890430556,2.4751250000000056,-0.142907058,0
72,-0.0247,-11.599999999999996,2.080194445,-11.439048600000008,0.051457675,0
873,-0.0075999999999999,0.9000000000000057,-2.600388889,0.4189930000000004,-0.16,1
474,-0.0607,-5.5,-3.955104167,-4.2417361000000255,-0.2418831159999999,1
535,-0.0272999999999999,-2.0,-0.3580208329999999,1.1710000000000065,-0.1859838269999999,1
1051,-0.0287,2.700000000000003,-1.5927083330000005,-0.763715299999987,0.277777777,1
1022,0.0465999999999999,2.5,-1.5861388890000003,5.046173600000032,-0.166666667,1
317,-0.0247999999999999,-1.6000000000000083,0.8830763890000001,4.600819499999972,-0.169701214,0
1138,0.014,0.0,-4.033597223,2.9417847000000137,-0.8,1
550,-0.0252999999999999,1.899999999999992,2.428513889,-1.860944400000008,-0.102991453,1
796,-0.0221,-8.900000000000006,-1.200388889,-4.308423599999999,-0.1604166669999999,1
395,-0.0145,0.2000000000000028,0.3212499999999996,1.7464930999999808,-0.0544685349999999,0
730,0.0299,1.1000000000000083,-9.069180556,6.100111100000022,-0.4879807690000001,0
1062,0.0132999999999999,3.0999999999999943,-6.098909722,7.264062499999994,-0.303030303,0
227,-0.0071999999999999,-4.799999999999997,0.135131944,0.7018818999999894,-0.3083278980000001,0
1125,0.0454999999999999,21.3,-13.570861111,8.716708300000008,-0.833333333,0
983,0.0006,-2.9000000000000057,1.2593750000000004,-2.8654583,-0.066666667,0
285,0.0368,4.700000000000003,-2.3174583330000003,3.1325485999999927,-0.112097241,1
831,-0.0279999999999999,-3.6000000000000085,4.474395834,-2.0646527999999904,-0.0583333329999999,1
688,-0.0014,2.200000000000003,0.1667083340000008,-1.1667291999999918,-0.215116279,0
915,-0.0156999999999999,-0.3999999999999915,2.624284722,-3.562243099999989,0.437229437,1
498,0.0357,10.400000000000006,-10.508111111,5.538812500000006,-0.280929866,0
1036,0.0393,17.400000000000006,-11.133784722,2.7835068999999915,-0.909090909,0
84,-0.0262,0.0,5.872625,-6.281166699999987,0.05568616,1
177,-0.017,-0.4000000000000057,6.6570694439999984,-7.046965299999982,-0.0458027979999999,0
603,-0.0435999999999999,-11.0,8.586743056,-5.5306736000000285,0.407938785,0
794,-0.0282999999999999,-5.5,2.444208333,-1.1235208999999742,0.161290323,1
767,-0.0065999999999999,-11.899999999999991,3.872305556,-8.139729099999968,-0.015079365,0
519,-0.0575,-12.899999999999991,0.4828333329999999,-6.526979100000019,0.0523715419999999,1
954,0.0279999999999999,-7.1000000000000085,5.5889861110000005,-2.9502777999999954,-0.052631579,1
675,-0.0296,-11.0,7.672493056,-12.825159799999994,-0.0081300819999999,1
998,0.0261,12.700000000000005,-11.012090277,9.271326400000008,-0.535714286,0
122,-0.0138,-5.1000000000000085,1.534631945,-6.875909699999981,0.1008608319999999,1
789,-0.0186,3.0999999999999943,-0.0344583339999999,0.8331458999999768,0.0625,1
280,-0.0286,-2.0,7.785034722000001,-6.9573471999999725,0.05030181,1
1053,0.0908,14.700000000000005,-12.907048611,20.967819499999987,-0.181818181,0
691,-0.0656999999999999,-6.200000000000002,9.523340278,-12.646340299999991,0.214285714,1
171,-0.0432,-11.5,4.514930554999999,-13.232416700000016,-0.0102339179999999,1
903,-0.0233999999999999,-7.400000000000006,-8.714729166,-2.1740139000000056,0.1,1
276,-0.0842,-12.5,9.584673613,-19.157097200000013,0.082805153,1
125,-0.014,6.200000000000002,-0.492972222,6.515201400000024,-0.187214612,1
525,0.0173999999999999,6.099999999999994,0.3386249999999999,2.696326400000018,0.0313725489999999,0
533,-0.0058,0.5,0.5582569440000003,3.321159800000004,0.159810875,1
228,0.0162999999999999,2.1000000000000085,2.576805556,-4.1818819999999866,-0.1817460319999999,1
846,0.0036999999999999,0.2999999999999972,-1.1217499999999998,-2.699381899999992,-0.138176638,1
86,0.0070999999999999,4.200000000000003,-5.4956875,4.578812500000012,-0.217028113,0
771,0.0303999999999999,9.200000000000005,-0.7731874999999997,4.494229200000022,-0.0889877639999999,0
882,-0.0044,-8.600000000000009,2.2931875,-6.7206596999999855,-0.0643939399999999,1
434,0.0293999999999999,15.400000000000004,-8.735416666,14.03821529999999,-0.190983607,0
197,-0.0043,-7.799999999999998,4.686902777999999,-3.5462430000000182,-0.0240375579999999,1
447,0.0176,-9.400000000000006,-0.033465277,-6.946638900000025,0.041805401,0
449,-0.0186,-5.0,5.247680556000001,0.1394583000000153,0.174706649,0
1011,0.0382,7.299999999999998,-1.825180555,0.2542361000000284,0.066666667,0
740,0.0267,-2.5,3.9338125,4.665444400000013,0.151493599,1
1084,0.0297,1.2000000000000028,-4.338840277,5.826680600000018,-0.4,0
1026,-0.0055,-4.900000000000006,2.605402778000001,-2.244444499999985,-0.272727273,0
1047,0.0029,3.700000000000003,-1.046861111,-0.7223749999999995,-0.254545455,0
1072,-0.0106999999999999,2.799999999999997,0.598361111,5.9926597999999975,-0.125,0
176,-0.0129999999999999,-6.299999999999998,0.070368056,-1.320159799999999,-0.097902098,1
984,-0.0268,0.3999999999999915,4.495708334,1.3347777000000036,0.054901961,1
988,0.0295,12.900000000000004,-8.658340277999999,7.915979100000015,-0.299342105,0
340,-0.0472,-13.099999999999996,2.520444444,-13.823298599999989,-0.1491315139999999,0
1101,-0.0054,-3.4000000000000057,5.228125,-1.7972013999999916,0.7142857140000001,0
660,0.0293999999999999,4.399999999999992,0.3389236110000002,-0.3060763999999949,-0.0470284239999999,1
336,-0.0115,-1.4000000000000057,-4.636611111000001,-3.020381900000018,-0.0236044659999999,0
607,-0.0080999999999999,4.200000000000003,-1.866277778,1.5006249999999994,0.1702127659999999,1
437,-0.0074,-4.300000000000011,-3.112215277,-4.520402700000004,-0.040740741,1
770,0.0262,2.4000000000000057,-6.829791667,3.68277089999998,-0.304761904,0
299,0.0141999999999999,7.799999999999998,-5.494604166,5.304437500000006,-0.434535104,1
311,0.0068,2.799999999999997,-1.950173611,9.6175348,-0.0854636589999999,1
829,0.0413999999999999,-1.9000000000000057,-1.2659444449999997,1.5671457999999916,-0.0740740739999999,1
930,-0.0045999999999999,4.900000000000006,-1.7256944440000002,0.1587778000000241,-0.020467836,1
797,-0.0114999999999999,-5.200000000000003,-2.296659722,-6.711854199999991,-0.073529412,1
39,-0.0448,-2.0,3.180236111,1.5701666000000216,0.072259136,0
784,0.0371,7.200000000000002,-0.526826389,5.379673600000004,-0.06060606,0
457,0.0213999999999999,8.200000000000003,-5.892263889,6.9200764000000135,-0.226583407,0
925,0.0056999999999999,2.299999999999997,5.053965277,-3.145069399999997,-0.0526315789999999,0
328,-0.0369,-9.200000000000005,4.687055556000001,-9.821027799999996,-0.011198946,1
286,0.0232999999999999,2.799999999999997,-4.886277777999999,10.128354200000018,-0.2705314009999999,0
704,0.0065999999999999,2.0,0.412368056,7.551798599999998,0.062195122,1
1046,0.0453,12.600000000000009,-9.404756945,11.805833399999983,-0.5042735039999999,0
100,-0.0017999999999999,-2.6000000000000085,5.8339375,-4.4285555999999815,0.207317073,0
25,-0.0241,0.9000000000000057,-2.773965278,0.8724097000000057,-0.2052631579999999,0
464,0.0373,10.100000000000009,-2.0886319439999994,8.176131999999981,-0.0066585949999999,1
977,0.0244999999999999,-1.7000000000000028,1.902597222,0.6810207999999847,0.155555556,0
380,0.0050999999999999,2.200000000000003,3.008854167,0.336749999999995,-0.0677389419999999,1
654,-0.0427,-13.200000000000005,1.4333749999999998,-10.497395800000008,-0.2333333329999999,1
1079,0.0212,-0.7000000000000028,1.1279444440000002,-0.7700764000000219,0.238095238,0
10,-0.0256,-7.5,3.9433472220000008,-10.5816875,0.168670836,1
251,0.0100999999999999,-2.299999999999997,-3.5678333330000003,5.0268264000000045,-0.228385358,0
211,0.0293,9.599999999999994,-4.721736110999999,10.77954170000001,-0.1632882890000001,1
42,0.0013,6.299999999999998,0.0192847219999998,1.4018820000000003,-0.15909793,0
1029,0.0027999999999999,2.700000000000003,-3.733576389,1.368055599999991,-0.077922078,0
911,0.0608,17.900000000000006,-11.450805556,11.718479200000004,-0.516908213,1
152,-0.0004,5.400000000000006,-0.836645833,-3.5880138999999787,0.2847503370000001,0
650,-0.0005,-6.599999999999994,0.0220486109999997,-8.676930500000026,-0.138111888,1
733,0.0203999999999999,3.5,-1.146527777,7.120805599999982,0.1231231239999999,0
1017,0.0145,6.799999999999998,-6.667805556000001,6.272374999999998,-0.141025641,1
507,-0.0534,-10.699999999999989,9.098638889,-15.507347200000012,0.0885341069999999,1
716,0.0335999999999999,-7.299999999999998,0.4702500000000003,-8.884493099999986,0.0440476189999999,1
975,0.0171,2.0999999999999943,2.965486111,-0.0398957999999822,0.0999999999999999,0
643,0.0062999999999999,10.300000000000011,-5.725631945,7.284458299999982,0.0343434339999999,1
848,-0.0208,-5.5,0.5074652769999997,-1.4367430999999868,0.170769231,1
497,0.0171999999999999,5.200000000000003,0.660673611,2.1658680000000032,0.2423245609999999,1
415,-0.0565,-15.5,7.1911180560000005,-14.584569499999974,0.23172043,1
871,-0.0373999999999999,-0.9000000000000057,-3.6229166670000006,-5.467618099999997,-0.0533333329999999,0
247,-0.0045,-4.200000000000003,6.294270833,-11.639479100000017,0.2584115809999999,0
83,0.0347,8.0,-3.496388889,-0.1388055000000037,-0.087398374,0
1064,0.0194,-1.2000000000000028,-3.781236111,4.958916699999988,-0.291666667,0
206,0.0264,10.200000000000005,4.290388889,-0.9579792000000112,0.043916197,1
321,-0.0217,-9.399999999999991,5.705597222000001,-4.980298600000012,-0.259143155,0
115,0.0258,5.1000000000000085,-1.051625,2.507694400000005,-0.3123123130000001,0
1091,0.0386,17.0,-10.3545,10.43654859999998,-0.3142857139999999,0
920,0.0098999999999999,-8.300000000000011,6.225180556000001,-9.036208399999976,0.0977443599999999,1
774,-0.0144,1.3000000000000114,0.982,-2.6140000000000043,0.25311943,1
47,-0.0272,-4.299999999999997,1.210291667,-6.257673600000018,0.011363636,1
999,0.0482,10.900000000000004,-5.112243055,9.86379860000001,0.025,1
15,0.0449,8.200000000000003,-8.352972222,7.102361099999982,-0.0522466039999999,1
557,0.0226,9.5,3.010145833,5.196104100000014,0.0784313729999999,1
910,0.0294999999999999,7.299999999999998,-3.2404375,0.9379861999999692,-0.211904762,1
735,0.0126,3.700000000000003,-2.127694444,1.8824652000000128,0.081871345,0
956,-0.0089999999999999,1.7000000000000028,6.289465277000001,-3.6041388999999953,0.5457516339999999,1
38,-0.0081999999999999,-5.800000000000012,3.725368056,-0.0537431000000054,-0.0478959029999999,0
256,-0.0011999999999999,-2.0,-2.104326389,2.1658819000000022,0.0428571430000001,1
468,0.0379,5.5,-4.354298611,6.600319499999984,-0.3369202229999999,0
616,-0.0173,-3.799999999999997,4.107909723,-7.0317985999999735,0.0982608699999999,1
218,-0.0231,-1.2999999999999972,7.623048611000001,-11.549069399999992,0.163011696,1
436,0.0628,14.5,-7.737645834000001,16.5498264,0.1206896549999999,0
1019,0.0217,0.7000000000000028,-2.7090625000000004,1.7223541999999978,-0.020512821,0
1002,0.0325,4.299999999999997,-2.096819445,6.794090199999999,-0.119047619,1
870,-0.0133999999999999,-1.4000000000000057,4.119951389,2.3504999999999967,0.226086957,1
1024,-0.0323999999999999,-12.899999999999991,4.247229167,-9.221486100000009,0.101010101,1
108,-0.0045999999999999,1.2999999999999972,-2.2270625,-1.1073749999999905,-0.1510341509999999,1
929,0.0373,5.900000000000006,-1.4778124999999998,1.8940416999999885,-0.4125,0
41,0.0032,-7.1000000000000085,0.5072847219999999,-4.122708400000022,-0.0683544299999999,1
160,-0.0145999999999999,-2.200000000000003,1.0851805560000003,-7.7939791999999954,0.020955165,1
144,-0.0099,-3.299999999999997,-0.0724027770000002,-4.380423599999971,-0.0362990429999999,1
257,-0.0247999999999999,-2.9000000000000057,1.8462430550000004,-9.063326399999994,0.0084507039999999,1
804,0.0243999999999999,0.9000000000000057,-10.024465278,6.2846666999999865,-0.238095238,0
526,-0.0029,-4.700000000000003,3.136326389,-3.384076400000012,-0.0024013720000001,1
990,0.0062999999999999,7.200000000000002,-6.264368056,2.655611099999973,-0.498039215,0
133,-0.0047999999999999,1.7999999999999972,0.9285069440000004,1.553423600000002,0.0443037969999999,0
630,-0.0217,-3.5,1.8024027770000004,-9.307805600000007,0.114906832,0
462,0.0008,4.299999999999997,-2.699673611,5.8314861000000064,-0.0751096489999999,0
620,0.0277,15.0,-5.255319444,10.072305500000011,-0.1702127660000001,1
45,-0.0292,-2.0,7.9063194449999985,-2.942388900000012,0.081949059,0
385,-0.0292,-5.299999999999997,-0.7586875000000002,-2.977868000000015,-0.153580902,0
879,-0.0704,-13.900000000000004,10.291319444,-18.795951400000018,0.306818182,0
995,-0.0288,-6.5,3.169013889,-6.4518680999999845,0.288461538,1
561,0.0186999999999999,5.700000000000002,-1.3967569439999998,3.4286736000000246,-0.0905660379999999,0
469,0.0039999999999999,-4.5,7.000736111,-2.769444499999977,0.1607142860000001,0
168,-0.0373,-13.900000000000004,3.5919166660000004,-4.874819399999994,0.20952381,0
271,0.0562,7.900000000000006,-5.310611111,11.60617360000002,-0.0179257369999999,0
355,0.0509999999999999,4.299999999999997,-8.244333334,9.529479199999995,-0.26980057,1
935,-0.0195,0.2000000000000028,8.04325,-5.9547708999999855,0.365914787,1
281,-0.0129,-8.100000000000009,5.0860625,-4.311562499999994,0.1106334839999999,1
1076,0.0023,-4.299999999999997,-0.463895833,-4.144354199999982,0.0999999999999999,0
891,0.0107999999999999,1.0999999999999943,-1.921180555,-4.891770900000026,-0.181818182,0
155,-0.0103999999999999,-8.400000000000006,-0.292027778,-9.662381900000014,-0.015452901,0
153,-0.0016999999999999,4.200000000000003,-6.249965278,4.257833400000024,-0.213333334,0
425,-0.0444999999999999,-12.5,7.232569444999998,-12.451562499999996,0.0406195209999999,0
361,-0.0556,-5.0,5.005631944999998,-12.893534700000004,0.284778226,1
904,-0.0515999999999999,-1.2000000000000028,0.8759027779999999,-6.163708299999996,-0.047826087,0
779,-0.0011999999999999,-2.299999999999997,7.997270832999999,-3.4058680000000265,0.45862069,0
